ticket_id,split
18663,train
13534,train
11892,train
6863,train
11830,train
15404,train
24694,train
25732,train
8236,train
21030,train
3072,train
2040,train
4631,train
21326,train
26072,train
11211,train
1928,train
2243,train
28737,train
28290,train
14064,train
8342,train
3,train
12925,train
2854,train
29233,train
10627,train
27383,train
13399,train
15011,train
9465,train
8629,train
23271,train
18593,train
24931,train
13396,train
12214,train
11793,train
20586,train
9166,train
5860,train
20736,train
5163,train
13051,train
26906,train
20369,train
21222,train
466,train
16280,train
24840,train
7162,train
3801,train
6186,train
24775,train
12774,train
16166,train
8619,train
2037,train
6392,train
13516,train
274,train
6673,train
19795,train
20878,train
10151,train
10131,train
11276,train
9173,train
28759,train
26688,train
24233,train
13206,train
24502,train
8227,train
20185,train
28594,train
9120,train
5023,train
24666,train
21204,train
285,train
10809,train
9211,train
79,train
8415,train
9249,train
18461,train
15486,train
5722,train
28397,train
16609,train
19001,train
9105,train
28781,train
1022,train
20430,train
11331,train
1579,train
6903,train
21309,train
14479,train
14445,train
11294,train
26563,train
12897,train
13524,train
23697,train
589,train
11054,train
16902,train
22979,train
20908,train
5047,train
27653,train
23384,train
26043,train
25259,train
8037,train
13365,train
21943,train
7791,train
8919,train
21546,train
21896,train
29318,train
723,train
6286,train
8420,train
26745,train
24975,train
19440,train
4149,train
10774,train
24933,train
16623,train
4974,train
18163,train
20100,train
10438,train
29605,train
24018,train
27669,train
6213,train
13881,train
16921,train
22375,train
28757,train
6973,train
19932,train
19790,train
3705,train
29356,train
14581,train
13819,train
27931,train
15331,train
25015,train
4662,train
1806,train
17068,train
22954,train
5940,train
10972,train
8936,train
14634,train
18208,train
27398,train
11228,train
8044,train
1677,train
6359,train
671,train
9719,train
22055,train
23081,train
27943,train
15757,train
17726,train
21499,train
24777,train
17277,train
21039,train
24039,train
25748,train
28801,train
3830,train
12682,train
6637,train
2929,train
17432,train
23062,train
25063,train
19601,train
333,train
28272,train
28308,train
8905,train
25203,train
10069,train
17257,train
4441,train
22690,train
17464,train
4652,train
11286,train
872,train
28669,train
982,train
23142,train
26951,train
27036,train
7288,train
7037,train
26657,train
3967,train
28969,train
29188,train
27128,train
19643,train
23805,train
24413,train
26422,train
24894,train
28028,train
15320,train
11374,train
21004,train
6463,train
27693,train
660,train
7668,train
15447,train
17122,train
16310,train
20473,train
15066,train
12966,train
236,train
16774,train
24855,train
4161,train
21501,train
9199,train
26808,train
22643,train
27803,train
16361,train
4922,train
14645,train
28753,train
10607,train
7333,train
11953,train
7832,train
24106,train
528,train
28038,train
1201,train
28688,train
27114,train
18434,train
12832,train
8480,train
19614,train
22474,train
23606,train
7677,train
16848,train
7510,train
14928,train
21969,train
11772,train
28771,train
3278,train
12447,train
4140,train
23356,train
4384,train
26397,train
19388,train
11171,train
26412,train
8598,train
5876,train
28346,train
4797,train
6402,train
19879,train
13843,train
22814,train
4700,train
19591,train
20298,train
7915,train
19763,train
12229,train
21807,train
15287,train
8822,train
1699,train
15078,train
6776,train
18098,train
16306,train
7960,train
1328,train
2631,train
24353,train
24328,train
20380,train
26292,train
7441,train
10258,train
22548,train
6859,train
23851,train
453,train
26744,train
1384,train
10012,train
28069,train
2462,train
4154,train
17707,train
25264,train
26082,train
23383,train
18976,train
27339,train
9670,train
11824,train
18963,train
3157,train
2516,train
6540,train
25821,train
21500,train
29380,train
25773,train
19385,train
727,train
26747,train
18313,train
17066,train
19021,train
14040,train
13322,train
25185,train
5180,train
20308,train
23487,train
4030,train
6807,train
28071,train
25570,train
13037,train
12491,train
15084,train
9023,train
17388,train
9220,train
843,train
12560,train
2386,train
28260,train
18724,train
27656,train
16334,train
16720,train
15466,train
25868,train
21554,train
10195,train
14138,train
18373,train
6243,train
6221,train
4924,train
24592,train
26167,train
12116,train
113,train
5587,train
10767,train
7522,train
2790,train
11580,train
9119,train
11016,train
19826,train
5099,train
12924,train
16251,train
14850,train
18083,train
25522,train
18659,train
10886,train
8912,train
8617,train
4179,train
16613,train
6256,train
20538,train
2643,train
19874,train
20879,train
19449,train
25530,train
3169,train
11823,train
17029,train
16860,train
9059,train
21239,train
12120,train
12240,train
18122,train
27096,train
5334,train
19210,train
17507,train
16723,train
8262,train
24788,train
9490,train
28085,train
12163,train
21071,train
4546,train
23648,train
13040,train
19423,train
12426,train
3189,train
5990,train
10734,train
27479,train
24115,train
21180,train
19538,train
9241,train
10133,train
19299,train
10508,train
20039,train
20686,train
9244,train
25508,train
3663,train
2068,train
24510,train
5923,train
5470,train
16046,train
29124,train
4571,train
21095,train
10561,train
28623,train
16990,train
14895,train
14994,train
978,train
18777,train
6467,train
6325,train
7732,train
20164,train
25169,train
18807,train
13547,train
3804,train
12195,train
6399,train
15186,train
12927,train
19347,train
23804,train
24576,train
1588,train
7021,train
2673,train
10369,train
22741,train
23026,train
11787,train
27677,train
18534,train
11867,train
21458,train
854,train
19397,train
601,train
3918,train
9918,train
18787,train
16118,train
27473,train
21107,train
10035,train
21201,train
24754,train
10254,train
12713,train
15887,train
29067,train
1112,train
4533,train
21810,train
11761,train
20472,train
18478,train
25737,train
6228,train
23843,train
23156,train
7592,train
25521,train
16409,train
23116,train
3200,train
17377,train
7962,train
14470,train
27764,train
23216,train
21572,train
23510,train
16227,train
11410,train
84,train
24569,train
17998,train
10422,train
13243,train
22451,train
23072,train
21221,train
4886,train
2016,train
15481,train
17493,train
1053,train
26717,train
28554,train
14734,train
18567,train
19090,train
29616,train
27389,train
4801,train
24358,train
16826,train
6527,train
6967,train
18499,train
3846,train
4850,train
29628,train
24886,train
17572,train
2732,train
16663,train
9151,train
7207,train
14585,train
23521,train
14199,train
26401,train
26963,train
6385,train
2306,train
10294,train
26742,train
27341,train
5254,train
14297,train
9343,train
15576,train
29651,train
17362,train
1713,train
24250,train
15156,train
20159,train
6427,train
21714,train
9923,train
11803,train
18438,train
6570,train
28402,train
21716,train
9634,train
26560,train
9147,train
24660,train
8888,train
9393,train
3485,train
7930,train
27119,train
2934,train
2173,train
22825,train
15637,train
25373,train
22655,train
22598,train
10463,train
21541,train
28930,train
22976,train
13425,train
22697,train
16903,train
22207,train
26818,train
11554,train
22366,train
1616,train
16403,train
21595,train
16783,train
19532,train
11204,train
4839,train
1767,train
8549,train
23245,train
14674,train
19116,train
2172,train
24893,train
14862,train
16670,train
28450,train
17065,train
18574,train
18615,train
17894,train
15809,train
28335,train
10207,train
15227,train
13958,train
17258,train
20458,train
25229,train
18276,train
12584,train
349,train
26437,train
27049,train
8360,train
16458,train
21257,train
13681,train
9823,train
208,train
21178,train
27547,train
6601,train
5898,train
6333,train
7792,train
11596,train
15636,train
6961,train
11968,train
17422,train
15380,train
22484,train
8624,train
21972,train
17438,train
1645,train
11156,train
17156,train
1751,train
16006,train
9348,train
18855,train
16514,train
10501,train
25686,train
25232,train
11655,train
12347,train
21447,train
24688,train
16117,train
16141,train
28494,train
27437,train
28268,train
24480,train
11192,train
26950,train
27363,train
27132,train
1358,train
23855,train
18922,train
15010,train
23421,train
28785,train
5414,train
12995,train
4578,train
9616,train
19928,train
23919,train
22177,train
22972,train
28793,train
12292,train
21161,train
4736,train
9099,train
8197,train
11393,train
21298,train
18296,train
15831,train
11988,train
23531,train
26639,train
6365,train
21563,train
20783,train
7749,train
18322,train
20527,train
5979,train
18091,train
15901,train
630,train
4125,train
6813,train
2588,train
27968,train
24657,train
23372,train
4681,train
17559,train
319,train
12190,train
14730,train
28907,train
13714,train
24960,train
24818,train
12322,train
22724,train
26567,train
16800,train
6754,train
23394,train
10832,train
11267,train
21194,train
20782,train
26130,train
17103,train
22418,train
1113,train
1666,train
17954,train
19351,train
18216,train
11493,train
11107,train
2880,train
25357,train
29342,train
17758,train
6177,train
15513,train
29331,train
21632,train
11723,train
13260,train
27135,train
28776,train
22376,train
3717,train
19209,train
21900,train
19291,train
25781,train
26763,train
23671,train
4861,train
5215,train
10024,train
709,train
7938,train
11307,train
26355,train
20453,train
19200,train
7913,train
24107,train
22358,train
17681,train
15779,train
24070,train
12267,train
7260,train
21438,train
23461,train
7401,train
15526,train
4881,train
11291,train
24671,train
2473,train
28714,train
28396,train
27798,train
8765,train
20113,train
590,train
23276,train
28031,train
15968,train
21637,train
3954,train
10612,train
8321,train
28711,train
26649,train
19600,train
20406,train
6804,train
25601,train
28435,train
7415,train
22163,train
1080,train
11152,train
7165,train
3547,train
15916,train
22279,train
15385,train
28914,train
7339,train
19475,train
2979,train
13249,train
15135,train
6204,train
24234,train
2685,train
28922,train
29167,train
16307,train
23210,train
20154,train
14005,train
20309,train
23313,train
28539,train
20846,train
6057,train
5109,train
19169,train
8751,train
15823,train
11083,train
28035,train
23703,train
8851,train
19446,train
28408,train
4073,train
6189,train
7822,train
22490,train
26626,train
9657,train
11665,train
3746,train
21171,train
21623,train
19529,train
26994,train
29563,train
22691,train
28632,train
6251,train
5757,train
8317,train
17837,train
10471,train
23189,train
24365,train
16487,train
10292,train
1556,train
6483,train
16378,train
19727,train
4394,train
26820,train
26928,train
12783,train
26074,train
5964,train
14671,train
2853,train
15137,train
12193,train
19435,train
26674,train
28426,train
23500,train
10696,train
23109,train
2006,train
29129,train
15484,train
10397,train
8232,train
24938,train
9539,train
15367,train
9877,train
26106,train
23505,train
16262,train
747,train
8224,train
13894,train
17014,train
3765,train
9495,train
15058,train
14244,train
23121,train
5290,train
8242,train
12251,train
1966,train
18084,train
28199,train
23709,train
19691,train
1488,train
24050,train
5918,train
16414,train
7980,train
21477,train
22931,train
21910,train
27836,train
13793,train
23020,train
13085,train
18577,train
1333,train
6600,train
19182,train
28995,train
6197,train
28916,train
15788,train
12307,train
29147,train
21660,train
28740,train
20606,train
18063,train
3723,train
18910,train
20657,train
19856,train
16958,train
12078,train
12082,train
18831,train
26028,train
4426,train
29005,train
15840,train
5409,train
22683,train
21031,train
7103,train
20569,train
23354,train
10434,train
4558,train
12605,train
4375,train
7433,train
8850,train
27271,train
24556,train
12666,train
465,train
18586,train
8880,train
21574,train
7129,train
25193,train
1678,train
24183,train
28314,train
11060,train
19125,train
12140,train
14091,train
28486,train
28080,train
4798,train
12118,train
23176,train
17541,train
26587,train
24548,train
9672,train
20382,train
22975,train
9910,train
22315,train
16686,train
3910,train
9540,train
25272,train
7157,train
27992,train
17262,train
24923,train
14347,train
7424,train
6894,train
24643,train
14571,train
19535,train
9506,train
1915,train
28015,train
15475,train
14580,train
21881,train
24458,train
20665,train
18172,train
13746,train
9034,train
23955,train
22079,train
2947,train
23728,train
27517,train
11887,train
24015,train
28280,train
4548,train
902,train
26741,train
25494,train
17127,train
11806,train
21806,train
26136,train
1011,train
23699,train
19692,train
4757,train
22908,train
20125,train
21292,train
17656,train
27234,train
21219,train
26638,train
10217,train
19286,train
25164,train
18588,train
1051,train
3158,train
20395,train
15550,train
19202,train
14776,train
22833,train
25167,train
19042,train
6104,train
8561,train
8808,train
12574,train
24444,train
8864,train
22618,train
20417,train
14940,train
23110,train
1606,train
8327,train
25731,train
1963,train
29423,train
9346,train
5804,train
8187,train
28,train
14343,train
6811,train
3355,train
23525,train
11242,train
446,train
11624,train
26762,train
22252,train
27224,train
10100,train
25560,train
5750,train
1098,train
27462,train
7058,train
14102,train
6743,train
14751,train
17428,train
12416,train
16236,train
3488,train
28475,train
16485,train
21991,train
26349,train
21670,train
18008,train
16240,train
25247,train
10398,train
17834,train
957,train
25940,train
18774,train
7744,train
17337,train
25420,train
22161,train
15497,train
27959,train
14875,train
20167,train
5671,train
8567,train
26586,train
8953,train
1266,train
21839,train
657,train
22385,train
9980,train
5274,train
15094,train
29399,train
3435,train
16535,train
20823,train
20040,train
26427,train
25581,train
12507,train
23796,train
11264,train
16462,train
13494,train
19970,train
22571,train
1235,train
20188,train
27509,train
4723,train
3795,train
9394,train
11477,train
22365,train
25602,train
6603,train
13624,train
20944,train
26615,train
8450,train
14860,train
18423,train
25503,train
20307,train
20902,train
5622,train
13795,train
6667,train
9859,train
5736,train
8391,train
15758,train
20238,train
19766,train
3865,train
4294,train
21717,train
3671,train
14827,train
3121,train
7785,train
13603,train
12815,train
28533,train
21195,train
26743,train
18809,train
25370,train
23977,train
14633,train
18372,train
4569,train
27100,train
7905,train
25878,train
15269,train
28139,train
17224,train
492,train
28843,train
11085,train
27406,train
2129,train
27801,train
3030,train
21047,train
8601,train
14478,train
26583,train
14936,train
12662,train
14546,train
8892,train
13636,train
8064,train
3285,train
12459,train
1894,train
14038,train
25966,train
12754,train
6082,train
6657,train
25261,train
22802,train
2145,train
25713,train
16277,train
7735,train
28709,train
12681,train
7806,train
9188,train
8809,train
28323,train
15749,train
8387,train
3752,train
22842,train
11373,train
14087,train
28455,train
24281,train
5984,train
21813,train
4080,train
21068,train
1935,train
7922,train
20932,train
9971,train
1497,train
25680,train
10935,train
27138,train
18514,train
27161,train
4449,train
23972,train
9960,train
21288,train
16934,train
12413,train
27314,train
24372,train
11069,train
12641,train
18279,train
18010,train
1785,train
6699,train
21989,train
1298,train
944,train
23530,train
10157,train
14702,train
19025,train
25629,train
15555,train
1295,train
24709,train
28656,train
7109,train
13423,train
14819,train
29491,train
1607,train
9744,train
3545,train
27820,train
25041,train
25729,train
13234,train
25764,train
25569,train
22592,train
9938,train
18382,train
25850,train
18060,train
10819,train
26459,train
4132,train
18093,train
13880,train
3628,train
12736,train
4092,train
4696,train
6162,train
3403,train
27898,train
17238,train
26394,train
13699,train
8137,train
8057,train
27055,train
11118,train
15088,train
27905,train
23731,train
11122,train
26334,train
3951,train
7727,train
16976,train
25216,train
7194,train
24475,train
19269,train
11387,train
15153,train
12557,train
23203,train
27094,train
2515,train
9694,train
25738,train
22516,train
27318,train
14899,train
4065,train
16222,train
536,train
9139,train
15472,train
14597,train
9392,train
13605,train
9127,train
12268,train
9573,train
27752,train
21686,train
1792,train
20803,train
26089,train
9687,train
27337,train
21321,train
25639,train
28855,train
14070,train
12047,train
10923,train
18603,train
11558,train
19679,train
3053,train
18304,train
16152,train
26898,train
17357,train
2870,train
17712,train
20653,train
6153,train
23336,train
28257,train
16475,train
29032,train
199,train
1274,train
12692,train
8945,train
5237,train
1065,train
7173,train
25736,train
11455,train
22486,train
12628,train
26909,train
18547,train
6652,train
2659,train
16059,train
20397,train
2760,train
23190,train
5106,train
15265,train
9275,train
9812,train
18597,train
23084,train
26127,train
23819,train
27441,train
6429,train
1899,train
14202,train
25457,train
13048,train
15015,train
3699,train
16643,train
1940,train
12669,train
27885,train
22881,train
7212,train
8489,train
27546,train
7842,train
16163,train
9415,train
8600,train
20384,train
16189,train
17092,train
711,train
16242,train
27206,train
1633,train
9047,train
13907,train
18717,train
19167,train
4350,train
115,train
8096,train
24498,train
24128,train
14799,train
20645,train
4217,train
27435,train
6349,train
14659,train
13908,train
12898,train
649,train
26773,train
13668,train
19705,train
12952,train
13106,train
12087,train
9572,train
5432,train
24577,train
6546,train
28852,train
27411,train
15707,train
27370,train
23780,train
5361,train
10582,train
25254,train
18646,train
27771,train
11073,train
12336,train
2398,train
24275,train
7219,train
12696,train
19077,train
21301,train
29253,train
23469,train
15915,train
8201,train
20251,train
17109,train
24465,train
7616,train
22473,train
12106,train
12495,train
29470,train
22615,train
18048,train
8556,train
26037,train
15642,train
2199,train
9627,train
2079,train
1961,train
23938,train
1603,train
10424,train
14544,train
3609,train
8568,train
19127,train
14035,train
15937,train
9552,train
7229,train
2165,train
28715,train
21736,train
23298,train
10026,train
7811,train
23792,train
26075,train
21838,train
9592,train
5103,train
18523,train
11894,train
13794,train
20127,train
26501,train
14778,train
17217,train
29082,train
25988,train
11025,train
20746,train
24417,train
26054,train
23719,train
17880,train
25479,train
16546,train
22117,train
12481,train
13460,train
13227,train
6471,train
20120,train
1577,train
21935,train
21429,train
20328,train
1885,train
21160,train
17254,train
14949,train
10757,train
17801,train
14529,train
26059,train
9066,train
20861,train
27026,train
720,train
13677,train
28417,train
23893,train
11333,train
13912,train
16438,train
15319,train
1031,train
26274,train
17696,train
10978,train
9991,train
22109,train
26573,train
11198,train
8367,train
18677,train
23352,train
10443,train
29471,train
15667,train
26433,train
22260,train
25837,train
15584,train
3015,train
1248,train
6314,train
29526,train
25946,train
7468,train
22500,train
5738,train
16516,train
16543,train
8267,train
392,train
18359,train
647,train
27214,train
2642,train
4105,train
28142,train
24110,train
17396,train
3083,train
3377,train
6523,train
20545,train
12667,train
21253,train
3442,train
16273,train
19710,train
5588,train
23138,train
28858,train
25918,train
24074,train
16130,train
19579,train
28224,train
12153,train
23820,train
3001,train
5874,train
7728,train
16496,train
1185,train
537,train
27756,train
23953,train
13653,train
5025,train
13957,train
28794,train
17947,train
2925,train
4534,train
6490,train
24421,train
1456,train
19380,train
21310,train
21396,train
8443,train
22935,train
2288,train
8370,train
5710,train
9867,train
19424,train
25132,train
22303,train
18955,train
786,train
6563,train
9179,train
13036,train
20471,train
2260,train
13854,train
9303,train
19887,train
15299,train
15599,train
20513,train
28704,train
22900,train
14696,train
15600,train
14136,train
8530,train
10028,train
23817,train
3193,train
11649,train
24108,train
2231,train
27558,train
26369,train
7137,train
927,train
1063,train
24852,train
2808,train
26197,train
13781,train
18914,train
14773,train
10213,train
17162,train
13522,train
1540,train
13751,train
5270,train
12920,train
7559,train
12092,train
13057,train
22974,train
10383,train
20266,train
23455,train
26980,train
8538,train
13572,train
17132,train
20175,train
12474,train
26432,train
24560,train
15741,train
22722,train
8452,train
26555,train
2939,train
11643,train
29533,train
354,train
8940,train
16548,train
26064,train
21357,train
25251,train
21359,train
26604,train
8969,train
22010,train
25697,train
14273,train
17974,train
5427,train
15863,train
3281,train
1764,train
10297,train
2786,train
25355,train
19843,train
15675,train
18326,train
16832,train
27548,train
25471,train
6170,train
3826,train
17304,train
6436,train
10939,train
19327,train
8418,train
20885,train
11696,train
16488,train
3143,train
22229,train
4115,train
9333,train
15700,train
28568,train
18790,train
2045,train
3122,train
15412,train
8404,train
12359,train
827,train
27307,train
16519,train
7180,train
28175,train
13728,train
24833,train
2209,train
26190,train
26417,train
23708,train
27319,train
21189,train
20649,train
15175,train
15905,train
14305,train
6039,train
28934,train
4541,train
13528,train
5201,train
25512,train
26668,train
12848,train
5520,train
24348,train
20255,train
6683,train
17354,train
10842,train
15657,train
12821,train
24415,train
20206,train
16321,train
25827,train
18070,train
19310,train
201,train
6468,train
21553,train
13911,train
21370,train
551,train
24339,train
25345,train
6935,train
12298,train
8301,train
20304,train
8703,train
21874,train
2529,train
10598,train
24124,train
28834,train
4713,train
7094,train
29120,train
19955,train
6035,train
14586,train
25945,train
13577,train
6988,train
12504,train
7958,train
9796,train
1741,train
3745,train
20710,train
14301,train
6705,train
21656,train
29397,train
16811,train
18656,train
243,train
21198,train
26362,train
10139,train
6132,train
13562,train
23704,train
5570,train
3332,train
12464,train
25126,train
10866,train
5814,train
14454,train
13083,train
8732,train
26454,train
12919,train
1818,train
4107,train
22136,train
4216,train
16580,train
14418,train
22233,train
9225,train
25157,train
5894,train
24383,train
9603,train
8570,train
22167,train
6891,train
1287,train
16668,train
7471,train
1069,train
686,train
18760,train
7014,train
14667,train
3898,train
9845,train
27134,train
25039,train
22383,train
13492,train
15998,train
2246,train
9666,train
2046,train
27381,train
5464,train
6704,train
19112,train
14476,train
29532,train
5627,train
1611,train
13042,train
894,train
11729,train
24932,train
24347,train
15976,train
18437,train
15128,train
13271,train
20858,train
19632,train
24943,train
25432,train
17960,train
14211,train
17793,train
7585,train
17767,train
21273,train
13785,train
27736,train
14637,train
27391,train
7809,train
26044,train
16402,train
10319,train
1758,train
3672,train
24361,train
22922,train
9207,train
3368,train
15211,train
404,train
10086,train
18887,train
11443,train
2296,train
9751,train
17599,train
18199,train
27115,train
18117,train
21454,train
12565,train
19925,train
27753,train
3014,train
906,train
19907,train
10837,train
26282,train
13799,train
20546,train
16579,train
13962,train
8782,train
20647,train
16940,train
20654,train
14845,train
26692,train
15643,train
24109,train
1033,train
9219,train
16286,train
17896,train
5613,train
22290,train
12247,train
29240,train
14719,train
20203,train
27066,train
27829,train
7426,train
19300,train
25307,train
8603,train
23968,train
16070,train
11895,train
7700,train
7950,train
10609,train
24252,train
29603,train
3464,train
18079,train
24409,train
13919,train
12393,train
27833,train
17442,train
21899,train
27602,train
6640,train
61,train
17117,train
11594,train
14380,train
23838,train
25871,train
3254,train
6446,train
8701,train
16153,train
6757,train
18941,train
22775,train
19460,train
19911,train
17318,train
11813,train
12468,train
20963,train
7168,train
5629,train
19128,train
5453,train
26014,train
22509,train
17030,train
665,train
13097,train
7318,train
27564,train
23654,train
24226,train
20014,train
26021,train
12311,train
26150,train
28687,train
25825,train
2396,train
18398,train
20518,train
28850,train
8586,train
2604,train
17250,train
19145,train
43,train
16884,train
5562,train
13729,train
23402,train
28358,train
4119,train
23464,train
1723,train
16728,train
21596,train
20385,train
25448,train
13914,train
7425,train
4911,train
13658,train
14059,train
24762,train
14677,train
19402,validation
4362,validation
21936,validation
23661,validation
8380,validation
23434,validation
25027,validation
25360,validation
8089,validation
23334,validation
11694,validation
1009,validation
27246,validation
4371,validation
23125,validation
10933,validation
22823,validation
18062,validation
25564,validation
3778,validation
18237,validation
20325,validation
20600,validation
25859,validation
25967,validation
12880,validation
19382,validation
5993,validation
18299,validation
12331,validation
27567,validation
7679,validation
2856,validation
28634,validation
6659,validation
11549,validation
25767,validation
24430,validation
5512,validation
24284,validation
8951,validation
21720,validation
10280,validation
3314,validation
18828,validation
12181,validation
12318,validation
10206,validation
1572,validation
12457,validation
19398,validation
21818,validation
17060,validation
110,validation
7236,validation
3505,validation
7987,validation
10506,validation
7278,validation
3798,validation
25901,validation
28391,validation
9337,validation
4707,validation
2874,validation
25317,validation
17916,validation
12659,validation
18418,validation
18684,validation
23775,validation
21450,validation
9987,validation
17342,validation
5728,validation
25446,validation
3992,validation
24579,validation
6985,validation
7115,validation
2562,validation
3458,validation
20264,validation
16729,validation
3091,validation
5478,validation
19645,validation
11021,validation
2390,validation
8454,validation
14412,validation
18333,validation
19696,validation
19394,validation
12209,validation
637,validation
4821,validation
22522,validation
26371,validation
12470,validation
2614,validation
2048,validation
11843,validation
6095,validation
23572,validation
670,validation
12793,validation
25456,validation
15199,validation
10051,validation
12626,validation
8823,validation
4755,validation
12185,validation
21524,validation
11932,validation
19987,validation
9655,validation
26869,validation
8500,validation
21940,validation
5753,validation
28404,validation
8764,validation
5824,validation
10154,validation
27942,validation
12951,validation
11744,validation
27817,validation
14805,validation
13938,validation
17750,validation
28958,validation
21739,validation
24500,validation
15533,validation
12950,validation
10670,validation
23623,validation
9829,validation
12549,validation
4427,validation
851,validation
18610,validation
20207,validation
19610,validation
10553,validation
25790,validation
25511,validation
10595,validation
27523,validation
8718,validation
21240,validation
532,validation
11912,validation
12077,validation
14394,validation
11270,validation
14924,validation
9503,validation
20134,validation
24951,validation
13789,validation
24349,validation
1317,validation
14175,validation
23446,validation
24212,validation
10712,validation
18708,validation
12012,validation
4082,validation
10762,validation
13695,validation
11644,validation
18133,validation
23198,validation
19946,validation
25607,validation
11701,validation
21433,validation
8159,validation
18130,validation
27733,validation
19078,validation
15256,validation
18088,validation
5009,validation
20189,validation
23791,validation
645,validation
14432,validation
26057,validation
3219,validation
15568,validation
28164,validation
21832,validation
14668,validation
1902,validation
27367,validation
12756,validation
4807,validation
10664,validation
3549,validation
8960,validation
16585,validation
15763,validation
13218,validation
1206,validation
25405,validation
13203,validation
7551,validation
27906,validation
7747,validation
15532,validation
11176,validation
24538,validation
9684,validation
23063,validation
5491,validation
19523,validation
6086,validation
26188,validation
7153,validation
1004,validation
9005,validation
24076,validation
1509,validation
1847,validation
26041,validation
9932,validation
14749,validation
2460,validation
27686,validation
27635,validation
19409,validation
26333,validation
11018,validation
17571,validation
29154,validation
23764,validation
14213,validation
13823,validation
18864,validation
9500,validation
13850,validation
24664,validation
11313,validation
24236,validation
8383,validation
19133,validation
6423,validation
17910,validation
3941,validation
1273,validation
23067,validation
16515,validation
1269,validation
28583,validation
25585,validation
19338,validation
27438,validation
16895,validation
14147,validation
16311,validation
1326,validation
26679,validation
18134,validation
11804,validation
28113,validation
20156,validation
9768,validation
22363,validation
22012,validation
17444,validation
16371,validation
12680,validation
14802,validation
331,validation
19622,validation
15999,validation
23485,validation
973,validation
26484,validation
16355,validation
17472,validation
9259,validation
2955,validation
17339,validation
19293,validation
22210,validation
13947,validation
17023,validation
17298,validation
3041,validation
9565,validation
7154,validation
16131,validation
10200,validation
7087,validation
28108,validation
3791,validation
22112,validation
13586,validation
14144,validation
11777,validation
10299,validation
12245,validation
3697,validation
18318,validation
11847,validation
10476,validation
19996,validation
21425,validation
11966,validation
10824,validation
11290,validation
18667,validation
19574,validation
7345,validation
18548,validation
27738,validation
17802,validation
20806,validation
18406,validation
13496,validation
24161,validation
22863,validation
26452,validation
19250,validation
6348,validation
18935,validation
5872,validation
10879,validation
22808,validation
27053,validation
19217,validation
21281,validation
8154,validation
9703,validation
17744,validation
5035,validation
288,validation
6931,validation
10717,validation
16702,validation
20359,validation
16157,validation
8828,validation
23478,validation
17267,validation
18894,validation
3388,validation
27444,validation
28582,validation
2078,validation
1156,validation
6914,validation
8997,validation
27343,validation
13096,validation
10326,validation
26703,validation
14128,validation
21210,validation
12194,validation
3983,validation
7813,validation
19521,validation
21061,validation
26671,validation
18404,validation
25718,validation
19261,validation
13683,validation
27433,validation
23635,validation
25599,validation
27274,validation
12288,validation
12853,validation
19,validation
22442,validation
16970,validation
12718,validation
23211,validation
8033,validation
26646,validation
17499,validation
8747,validation
6143,validation
22656,validation
12599,validation
16821,validation
13817,validation
17055,validation
13050,validation
20884,validation
12712,validation
6000,validation
13295,validation
13930,validation
3271,validation
18041,validation
15321,validation
8938,validation
22022,validation
21325,validation
66,validation
18147,validation
2021,validation
11114,validation
8647,validation
23496,validation
16216,validation
5553,validation
21067,validation
24518,validation
18156,validation
26518,validation
14630,validation
18104,validation
24223,validation
5151,validation
1778,validation
26184,validation
23656,validation
27795,validation
11349,validation
25894,validation
1282,validation
13951,validation
26855,validation
16719,validation
20964,validation
14788,validation
12038,validation
28795,validation
12002,validation
13884,validation
16679,validation
8804,validation
1097,validation
9880,validation
10059,validation
12922,validation
14741,validation
19102,validation
9006,validation
9868,validation
19414,validation
1786,test
16126,test
5108,test
7370,test
27890,test
10840,test
17157,test
13965,test
8268,test
1169,test
17164,test
8215,test
7501,test
10406,test
7183,test
25190,test
26681,test
22911,test
14872,test
4834,test
10890,test
9444,test
15067,test
1829,test
15354,test
13039,test
1934,test
6149,test
17963,test
6945,test
22611,test
23706,test
15538,test
1697,test
22332,test
6978,test
26760,test
27618,test
517,test
22943,test
17886,test
22575,test
18385,test
27692,test
11384,test
6232,test
14063,test
170,test
2017,test
11948,test
27028,test
25675,test
4421,test
2329,test
10960,test
27642,test
20836,test
11489,test
25647,test
9167,test
14490,test
9470,test
24476,test
12134,test
11797,test
29090,test
27934,test
5085,test
5533,test
28932,test
6375,test
4852,test
12686,test
22680,test
418,test
21694,test
24729,test
12799,test
22251,test
27375,test
7310,test
12231,test
15548,test
10727,test
3214,test
14724,test
6291,test
26632,test
20854,test
9544,test
21998,test
3418,test
4729,test
23018,test
25198,test
19024,test
507,test
3386,test
26271,test
18957,test
12695,test
26022,test
6234,test
16569,test
11544,test
10469,test
13319,test
9185,test
11343,test
13434,test
21451,test
23104,test
28149,test
17447,test
3810,test
25154,test
1828,test
24125,test
23589,test
10790,test
23232,test
5801,test
16852,test
10352,test
3196,test
24155,test
3212,test
8543,test
3769,test
20892,test
2749,test
7281,test
21773,test
20668,test
19616,test
23745,test
2304,test
2783,test
13273,test
2916,test
22180,test
23600,test
2809,test
9678,test
12637,test
8635,test
7188,test
20118,test
22720,test
17604,test
12236,test
18876,test
11539,test
16394,test
82,test
15944,test
7601,test
2829,test
16759,test
9553,test
19861,test
20078,test
16974,test
7702,test
10400,test
4432,test
687,test
22126,test
26232,test
2312,test
4674,test
22512,test
18425,test
3523,test
10900,test
19158,test
27136,test
8435,test
29482,test
6579,test
18625,test
28919,test
27089,test
8739,test
10849,test
5195,test
14338,test
16823,test
2884,test
4691,test
26040,test
26307,test
2603,test
19318,test
17128,test
17654,test
14896,test
18025,test
26494,test
4596,test
4485,test
8649,test
17002,test
19482,test
10668,test
19476,test
23495,test
23302,test
6287,test
27402,test
9567,test
20047,test
26793,test
11999,test
10442,test
21193,test
27919,test
13933,test
1533,test
3192,test
10115,test
2842,test
25546,test
3297,test
376,test
29226,test
23886,test
10149,test
22654,test
23879,test
1015,test
14252,test
3037,test
9955,test
10839,test
5832,test
18741,test
21264,test
18255,test
15696,test
29277,test
26938,test
16695,test
13210,test
9070,test
22060,test
9501,test
17624,test
24526,test
21643,test
11538,test
7621,test
22497,test
19590,test
26534,test
6163,test
6081,test
21826,test
3242,test
20085,test
4038,test
28909,test
28359,test
10567,test
2799,test
10485,test
13024,test
15281,test
5353,test
971,test
20162,test
13762,test
24316,test
25,test
21724,test
22071,test
7439,test
15706,test
28049,test
29329,test
24613,test
27785,test
25782,test
12675,test
25358,test
5033,test
20891,test
8261,test
20602,test
11445,test
157,test
18818,test
7314,test
18106,test
12500,test
29638,test
29109,test
25838,test
11589,test
21982,test
27332,test
5511,test
27280,test
599,test
22622,test
10968,test
21711,test
19371,test
24203,test
16084,test
16191,test
3028,test
24220,test
17597,test
27304,test
7402,test
25451,test
7156,test
5205,test
2144,test
4361,test
20322,test
20968,test
6507,test
9733,test
15231,test
16699,test
23729,test
17899,test
23765,test
11426,test
22057,test
22950,test
10817,test
29577,test
11516,test
6682,test
19036,test
25905,test
16550,test
20542,test
26392,test
9525,test
13333,test
23154,test
9494,test
3152,test
11605,test
16771,test
13421,test
1555,test
10121,test
2683,test
13774,test
27388,test
9743,test
22779,test
27468,test
25824,test
11698,test
15975,test
19147,test
7525,test
10739,test
21886,test
7908,test
25685,test
24621,test
3324,test
26066,test
27368,test
28013,test
11590,test
26862,test
9400,test
14932,test
15557,test
7508,test
15361,test
25708,test
18814,test
29107,test
29003,test
4765,test
10248,test
3755,test
12352,test
10067,test
26576,test
2055,test
3248,test
28094,test
8759,test
23509,test
15228,test
25123,test
25478,test
12493,test
22597,test
3737,test
15930,test
6031,test
21967,test
19071,test
1994,test
11514,test
24437,test
14548,test
15116,test
4591,test
15991,test
4424,test
4811,test
14190,test
9599,test
7203,test
11994,test
14388,test
17601,test
27861,test
7373,test
336,test
11995,test
23929,test
18653,test
9765,test
17459,test
22317,test
27978,test
26114,test
28653,test
8987,test
22946,test
1259,test
24393,test
20825,test
10237,test
9702,test
4440,test
1375,test
1551,test
17594,test
23969,test
4095,test
22328,test
27123,test
4816,test
6562,test
9897,test
10740,test
11882,test
1177,test
5297,test
25804,test
25515,train
18712,train
3010,train
19686,train
5913,train
8597,train
13489,train
14501,train
24153,train
22904,train
694,train
16761,train
7108,train
20171,train
683,train
10979,train
21084,train
13056,train
9194,train
11941,train
24888,train
962,train
7900,train
29337,train
27516,train
582,train
5093,train
18424,train
7392,train
4944,train
29164,train
20375,train
1866,train
10153,train
11891,train
24653,train
27508,train
20077,train
27087,train
28693,train
13775,train
27964,train
10697,train
27225,train
9966,train
18471,train
20172,train
28034,train
28121,train
7316,train
284,train
1658,train
26259,train
26786,train
7070,train
15570,train
4419,train
5074,train
389,train
18528,train
13625,train
11796,train
14972,train
771,train
10126,train
22292,train
24320,train
17907,train
16830,train
18047,train
21788,train
25038,train
11857,train
14748,train
23746,train
22625,train
29229,train
25815,train
21449,train
24706,train
15895,train
23718,train
15797,train
28505,train
4581,train
10950,train
18349,train
6248,train
8856,train
14332,train
25807,train
12226,train
1654,train
21719,train
12419,train
6950,train
23693,train
7909,train
7238,train
25411,train
3494,train
8374,train
10475,train
6672,train
20568,train
9723,train
6784,train
6206,train
23847,train
9122,train
19471,train
26110,train
12729,train
1578,train
16939,train
13869,train
26415,train
10448,train
27706,train
7442,train
6150,train
24838,train
13824,train
25089,train
26998,train
6357,train
2782,train
16182,train
13090,train
8886,train
13264,train
24749,train
9319,train
24733,train
28439,train
2317,train
23825,train
18113,train
23393,train
28447,train
7706,train
16693,train
4998,train
21052,train
21901,train
14001,train
1872,train
25694,train
516,train
27345,train
21673,train
5455,train
14786,train
3340,train
3643,train
23651,train
10542,train
7139,train
21746,train
7309,train
8207,train
8250,train
10820,train
23714,train
13517,train
21566,train
6028,train
28957,train
7582,train
16677,train
397,train
9511,train
29183,train
27478,train
21172,train
5294,train
15312,train
15521,train
11646,train
1628,train
15591,train
10111,train
6497,train
15767,train
16149,train
13910,train
15314,train
15908,train
3131,train
16364,train
18561,train
5735,train
19796,train
19421,train
10165,train
11420,train
880,train
23730,train
16911,train
24360,train
16687,train
1008,train
4345,train
25119,train
26625,train
10073,train
6244,train
8523,train
15222,train
6416,train
13219,train
6532,train
17054,train
10903,train
27634,train
11232,train
27639,train
9030,train
8572,train
2584,train
12161,train
20484,train
3987,train
21075,train
21452,train
25147,train
13559,train
28275,train
7067,train
4725,train
1163,train
17059,train
8926,train
24404,train
27113,train
16372,train
4770,train
22653,train
19569,train
20031,train
18334,train
15598,train
20582,train
23915,train
24436,train
9975,train
2223,train
5392,train
18853,train
25156,train
3344,train
21258,train
24164,train
14491,train
9411,train
2383,train
8481,train
12885,train
10981,train
26537,train
17449,train
8172,train
26027,train
3816,train
3237,train
20082,train
24135,train
6662,train
10549,train
24885,train
2994,train
4910,train
25545,train
15209,train
27856,train
24939,train
22176,train
14219,train
16291,train
20681,train
2950,train
8390,train
24297,train
15822,train
8229,train
9283,train
21581,train
26406,train
27912,train
17619,train
18307,train
3301,train
522,train
8303,train
22075,train
18732,train
15892,train
7125,train
7082,train
14048,train
6972,train
28683,train
262,train
7530,train
6211,train
18847,train
7777,train
3781,train
7676,train
24091,train
19576,train
28062,train
18881,train
8555,train
24768,train
22903,train
28311,train
20978,train
29157,train
13021,train
13395,train
14277,train
5040,train
29300,train
2437,train
9542,train
5231,train
19794,train
16238,train
28207,train
5005,train
6386,train
18368,train
12760,train
13254,train
25021,train
7524,train
13791,train
13834,train
25881,train
23184,train
28006,train
5975,train
22435,train
18314,train
25233,train
6777,train
19473,train
16113,train
11199,train
21706,train
15453,train
1251,train
8665,train
12072,train
18823,train
16272,train
25344,train
10573,train
19113,train
15649,train
27953,train
17369,train
6773,train
29187,train
6304,train
27981,train
24182,train
12260,train
15442,train
28730,train
12135,train
14177,train
15381,train
19949,train
17855,train
21094,train
17360,train
7006,train
25109,train
2554,train
24743,train
1624,train
7607,train
4340,train
20148,train
18013,train
11344,train
26481,train
26003,train
10307,train
5768,train
15218,train
24467,train
6830,train
4076,train
25385,train
14607,train
16002,train
4809,train
7214,train
1610,train
15668,train
25078,train
18909,train
9010,train
8355,train
12619,train
12300,train
24313,train
15980,train
16807,train
14670,train
18635,train
340,train
3644,train
26750,train
6982,train
10314,train
4609,train
3756,train
17405,train
22421,train
1205,train
24870,train
11500,train
11608,train
27193,train
20278,train
2073,train
5583,train
12114,train
7018,train
28604,train
25283,train
6303,train
10484,train
20768,train
11922,train
15275,train
24557,train
27911,train
24916,train
26108,train
22608,train
10729,train
10127,train
23615,train
18747,train
13993,train
386,train
21045,train
25862,train
12787,train
17332,train
1873,train
17349,train
18249,train
693,train
732,train
28474,train
752,train
17723,train
2357,train
13456,train
9644,train
23923,train
22861,train
13094,train
20451,train
17539,train
28470,train
1837,train
25142,train
19827,train
3337,train
26647,train
12008,train
21409,train
3655,train
2154,train
15792,train
16781,train
9578,train
22753,train
12253,train
23287,train
4525,train
25306,train
8641,train
8896,train
24532,train
1632,train
7824,train
19503,train
21685,train
11111,train
6881,train
24061,train
20798,train
27742,train
4830,train
28179,train
14069,train
13331,train
11989,train
21687,train
28089,train
22998,train
12543,train
2758,train
26529,train
19981,train
5720,train
1061,train
21502,train
17172,train
21072,train
20763,train
653,train
4749,train
27935,train
11977,train
19819,train
5766,train
11468,train
19289,train
29141,train
5555,train
16007,train
13756,train
20272,train
620,train
18235,train
1953,train
25057,train
15398,train
16722,train
8679,train
1347,train
13058,train
20709,train
10043,train
18273,train
16051,train
2042,train
1039,train
6006,train
28639,train
10763,train
16536,train
7249,train
14156,train
9101,train
24941,train
5862,train
28621,train
28114,train
9397,train
14565,train
12103,train
3446,train
21520,train
3607,train
940,train
27709,train
13955,train
29313,train
9586,train
2449,train
14709,train
22192,train
14092,train
20771,train
6871,train
4871,train
15690,train
7457,train
16461,train
24545,train
19492,train
18280,train
5165,train
9894,train
1781,train
15898,train
7730,train
18320,train
16750,train
19072,train
13011,train
27335,train
16454,train
17862,train
17027,train
13838,train
5982,train
11402,train
12032,train
10401,train
24672,train
25579,train
13652,train
24530,train
7044,train
20633,train
18258,train
10454,train
12655,train
22523,train
27431,train
16081,train
12646,train
26865,train
29497,train
24362,train
12738,train
2084,train
12440,train
8933,train
14309,train
10273,train
4822,train
381,train
7860,train
1469,train
5878,train
22763,train
17494,train
14119,train
14370,train
27982,train
28684,train
11770,train
27962,train
12119,train
22681,train
16316,train
6514,train
21848,train
2776,train
2366,train
8361,train
656,train
29362,train
29556,train
4270,train
29174,train
26603,train
25575,train
26841,train
4445,train
28624,train
20011,train
23135,train
21493,train
17732,train
24958,train
17281,train
25846,train
2451,train
16518,train
19275,train
4269,train
23410,train
5181,train
11519,train
26166,train
12786,train
1037,train
29222,train
5726,train
10836,train
29251,train
21937,train
14396,train
2000,train
4039,train
22409,train
40,train
11637,train
17659,train
20093,train
25596,train
16672,train
21003,train
3568,train
5217,train
12983,train
15496,train
17831,train
3682,train
7784,train
22313,train
14265,train
3716,train
8590,train
10787,train
78,train
15830,train
4623,train
27,train
26101,train
20126,train
23535,train
28570,train
4632,train
15969,train
3338,train
11278,train
29403,train
28870,train
16786,train
17702,train
17290,train
16498,train
19866,train
27464,train
14217,train
11229,train
14681,train
8226,train
14203,train
27698,train
28076,train
16660,train
16988,train
11237,train
22101,train
12571,train
27778,train
614,train
13718,train
4746,train
26294,train
12707,train
795,train
651,train
25033,train
5312,train
24857,train
8178,train
7231,train
21206,train
16377,train
9986,train
23910,train
23307,train
12004,train
6184,train
4392,train
11407,train
8591,train
9756,train
26523,train
16831,train
25475,train
9883,train
8709,train
4036,train
24973,train
10341,train
20455,train
23172,train
7104,train
22805,train
635,train
28618,train
9641,train
13387,train
8787,train
27996,train
5141,train
29195,train
11910,train
22157,train
24463,train
18613,train
16849,train
2064,train
23153,train
9715,train
3315,train
16918,train
1361,train
17774,train
13127,train
6432,train
12770,train
6136,train
4123,train
11117,train
11591,train
16229,train
24258,train
20012,train
1715,train
23669,train
11154,train
28405,train
7531,train
29408,train
28104,train
24682,train
7613,train
7812,train
3977,train
29546,train
23508,train
6922,train
16021,train
2946,train
26709,train
11405,train
12230,train
5443,train
19515,train
29575,train
5797,train
18275,train
3206,train
21457,train
12872,train
2370,train
9193,train
24478,train
18931,train
3305,train
1283,train
14303,train
28515,train
5611,train
28658,train
22466,train
9378,train
18274,train
14798,train
7771,train
28606,train
5705,train
3021,train
8287,train
9532,train
24257,train
1160,train
6857,train
21002,train
3658,train
25681,train
9239,train
22482,train
22898,train
29484,train
16944,train
6680,train
3736,train
932,train
21119,train
20776,train
10408,train
28213,train
2699,train
6340,train
7513,train
7666,train
19163,train
18290,train
22269,train
14317,train
22890,train
26952,train
1879,train
4580,train
4540,train
26592,train
8786,train
1338,train
20033,train
26686,train
29400,train
5810,train
25072,train
27030,train
5479,train
24012,train
18571,train
27621,train
3321,train
2193,train
25470,train
15740,train
2356,train
7986,train
19918,train
25090,train
1029,train
6227,train
28187,train
13152,train
826,train
13316,train
27432,train
4102,train
15848,train
2344,train
18209,train
4181,train
27323,train
24222,train
9730,train
3228,train
20926,train
3872,train
5235,train
19791,train
16142,train
26212,train
17158,train
24770,train
5959,train
21847,train
4000,train
4281,train
24368,train
4898,train
1437,train
904,train
29156,train
3350,train
16055,train
21456,train
15001,train
26722,train
1058,train
12804,train
20530,train
13079,train
19729,train
23865,train
10162,train
19979,train
18580,train
28319,train
14221,train
27643,train
12676,train
7363,train
10125,train
26961,train
17315,train
19100,train
10730,train
12596,train
14116,train
2029,train
4079,train
9463,train
6026,train
12533,train
26280,train
13469,train
1808,train
26544,train
408,train
16589,train
27598,train
18435,train
1650,train
2182,train
27016,train
22437,train
28231,train
20953,train
26912,train
16436,train
14463,train
11873,train
25291,train
24006,train
27604,train
2202,train
11610,train
6829,train
1737,train
18052,train
27392,train
12367,train
24780,train
15002,train
21408,train
7408,train
26972,train
20153,train
17549,train
625,train
8675,train
13236,train
16107,train
14897,train
26234,train
6669,train
10016,train
14266,train
7196,train
8817,train
25595,train
23650,train
20408,train
8593,train
17376,train
12441,train
6418,train
11004,train
19557,train
10662,train
23848,train
11846,train
18819,train
6742,train
26509,train
14662,train
22353,train
18926,train
17414,train
8906,train
10381,train
23621,train
756,train
17320,train
26891,train
28329,train
853,train
15567,train
26629,train
29123,train
18822,train
267,train
2054,train
7100,train
3824,train
13961,train
3145,train
22107,train
27989,train
25727,train
6958,train
17567,train
9699,train
25523,train
26047,train
192,train
20792,train
2136,train
18327,train
765,train
8818,train
14880,train
8368,train
14853,train
12455,train
3492,train
14564,train
6506,train
29084,train
6520,train
5214,train
2504,train
10309,train
26469,train
26659,train
9027,train
17716,train
22754,train
13996,train
27728,train
11050,train
20503,train
18167,train
22531,train
24370,train
9846,train
11812,train
3630,train
15609,train
7921,train
28434,train
19660,train
8100,train
2957,train
16198,train
26382,train
18890,train
28933,train
7320,train
21891,train
21169,train
18626,train
28770,train
13573,train
22494,train
1170,train
23990,train
25997,train
22106,train
28800,train
14969,train
6408,train
8235,train
9956,train
8494,train
22865,train
18937,train
21949,train
23093,train
8793,train
7329,train
20193,train
12601,train
12501,train
25407,train
577,train
8986,train
27762,train
16995,train
16530,train
23252,train
14588,train
12069,train
6187,train
19198,train
23566,train
18891,train
9855,train
15714,train
17285,train
14466,train
23904,train
12217,train
11403,train
17738,train
13931,train
15169,train
20766,train
21565,train
22642,train
17797,train
28172,train
26595,train
3489,train
29045,train
10601,train
17953,train
1988,train
27595,train
24637,train
27694,train
19531,train
1356,train
18411,train
17592,train
18693,train
16547,train
26881,train
301,train
14618,train
15421,train
12192,train
17269,train
12320,train
27680,train
25184,train
21479,train
245,train
29418,train
438,train
15190,train
10871,train
20029,train
18929,train
17416,train
19715,train
8446,train
17175,train
17196,train
7903,train
12875,train
23647,train
24069,train
10343,train
10458,train
5510,train
9481,train
21880,train
21979,train
23274,train
13980,train
14886,train
21269,train
5045,train
20027,train
16888,train
23906,train
24020,train
20877,train
1464,train
6339,train
12818,train
9264,train
8337,train
1499,train
18331,train
22676,train
26920,train
17221,train
15433,train
26404,train
18375,train
9226,train
8991,train
20412,train
7765,train
10315,train
27696,train
17074,train
7581,train
18627,train
14247,train
4519,train
19687,train
576,train
14362,train
3948,train
809,train
5468,train
6183,train
8125,train
19891,train
857,train
14883,train
19037,train
23864,train
3114,train
24929,train
995,train
22528,train
18309,train
5423,train
697,train
19507,train
16667,train
28626,train
11225,train
15511,train
8270,train
421,train
20496,train
25288,train
7119,train
9281,train
13464,train
12040,train
12592,train
1812,train
28643,train
22153,train
10416,train
16297,train
10101,train
28779,train
28708,train
14567,train
17340,train
10168,train
14057,train
28223,train
17713,train
10869,train
10544,train
5795,train
22588,train
888,train
12730,train
27356,train
25989,train
22583,train
26122,train
18557,train
2794,train
5624,train
22878,train
14,train
6679,train
5425,train
29215,train
12663,train
28446,train
6625,train
9391,train
27311,train
23891,train
2359,train
26923,train
8651,train
4061,train
6927,train
4858,train
13116,train
25833,train
2817,train
20442,train
2848,train
7215,train
25199,train
21224,train
19243,train
27452,train
24990,train
18624,train
12912,train
11690,train
28848,train
5597,train
15033,train
2901,train
14409,train
25040,train
21058,train
20246,train
11129,train
9958,train
7190,train
14898,train
19399,train
18115,train
17727,train
11104,train
17857,train
27550,train
19661,train
10184,train
13755,train
15350,train
29133,train
11700,train
13265,train
22158,train
10493,train
14683,train
2257,train
18888,train
23315,train
29060,train
14818,train
10350,train
25678,train
5897,train
24698,train
8485,train
13256,train
11043,train
22491,train
4872,train
26914,train
26448,train
25673,train
16747,train
24547,train
9512,train
13708,train
24010,train
2962,train
4455,train
9163,train
7091,train
27601,train
1698,train
28827,train
24779,train
12306,train
26810,train
2340,train
4856,train
4628,train
20864,train
11722,train
22529,train
9505,train
13513,train
26731,train
15880,train
11409,train
16062,train
10781,train
10766,train
16068,train
3708,train
21388,train
173,train
5687,train
12893,train
26013,train
2723,train
17566,train
7880,train
15459,train
5866,train
27082,train
777,train
15489,train
1129,train
4950,train
419,train
15588,train
12291,train
23739,train
27312,train
29198,train
27143,train
26624,train
7237,train
16037,train
15247,train
13178,train
3480,train
18944,train
29498,train
14311,train
23801,train
4177,train
1434,train
18114,train
15660,train
15382,train
16125,train
2195,train
24883,train
18346,train
2828,train
10370,train
8977,train
10018,train
22850,train
27995,train
10826,train
15897,train
9145,train
1604,train
4271,train
14744,train
23715,train
24986,train
2836,train
27160,train
22247,train
7767,train
9266,train
28433,train
4016,train
9803,train
12892,train
18465,train
11670,train
19317,train
17328,train
6266,train
11165,train
27800,train
29425,train
24880,train
14746,train
9223,train
21598,train
11564,train
12373,train
15461,train
28558,train
20687,train
23638,train
2837,train
14619,train
20336,train
95,train
21636,train
19301,train
20591,train
6378,train
111,train
4465,train
25923,train
7225,train
14079,train
12039,train
7803,train
25195,train
4248,train
25128,train
16326,train
17788,train
13278,train
21649,train
4509,train
10822,train
11496,train
22399,train
11933,train
29270,train
28066,train
1291,train
3393,train
18964,train
17598,train
28809,train
23175,train
11667,train
19708,train
25201,train
7644,train
24045,train
8180,train
13689,train
15178,train
27721,train
19559,train
26965,train
28816,train
7852,train
19989,train
26342,train
12837,train
21463,train
25160,train
23932,train
24606,train
11525,train
12003,train
5286,train
24410,train
462,train
368,train
2512,train
14770,train
25665,train
1763,train
19170,train
24854,train
4197,train
10510,train
18612,train
25960,train
4590,train
5812,train
13307,train
1189,train
14737,train
23073,train
26937,train
1444,train
1180,train
26330,train
23935,train
16594,train
12159,train
11972,train
24685,train
891,train
1371,train
1435,train
13978,train
2459,train
22773,train
13580,train
16110,train
25725,train
25710,train
3749,train
16603,train
12443,train
29363,train
1745,train
17663,train
12916,train
28686,train
19166,train
20096,train
7594,train
16253,train
28542,train
5385,train
6547,train
28977,train
26281,train
28285,train
8721,train
3969,train
17283,train
4334,train
9315,train
24655,train
20567,train
23169,train
28659,train
13801,train
1121,train
17419,train
14300,train
13162,train
24097,train
9074,train
21133,train
27422,train
13474,train
26073,train
2096,train
9077,train
14906,train
28891,train
22646,train
13660,train
12346,train
6559,train
20335,train
17026,train
14555,train
19412,train
22807,train
4874,train
20232,train
24131,train
28112,train
12074,train
25275,train
9267,train
9268,train
17145,train
18341,train
2966,train
8733,train
9722,train
15289,train
1681,train
6096,train
282,train
5130,train
12921,train
13935,train
8157,train
14485,train
5336,train
16480,train
19135,train
24126,train
6631,train
20287,train
9049,train
28746,train
3761,train
17146,train
850,train
2388,train
16882,train
1406,train
24678,train
22593,train
8217,train
8169,train
3732,train
19753,train
7138,train
11207,train
29634,train
18203,train
16741,train
7552,train
9069,train
17069,train
24235,train
18002,train
2648,train
17050,train
27201,train
23256,train
17610,train
10524,train
17512,train
18511,train
2938,train
17150,train
6415,train
29379,train
19331,train
19352,train
3985,train
20353,train
1415,train
20544,train
3415,train
16950,train
8335,train
16034,train
8276,train
18285,train
16563,train
24180,train
14151,train
27348,train
27673,train
10736,train
15310,train
16886,train
12015,train
6290,train
12516,train
26434,train
18099,train
5126,train
8841,train
13651,train
19783,train
27768,train
23360,train
7978,train
2824,train
3849,train
8835,train
5367,train
22660,train
17584,train
8397,train
24713,train
3134,train
13349,train
27533,train
23962,train
9882,train
12716,train
14656,train
15205,train
13390,train
1669,train
6765,train
2625,train
14833,train
19585,train
5880,train
15492,train
16590,train
27255,train
23590,train
7054,train
14631,train
29046,train
7678,train
762,train
1793,train
8349,train
14090,train
14573,train
5921,train
20229,train
7484,train
25122,train
12534,train
7220,train
19271,train
8316,train
12326,train
22783,train
8957,train
5492,train
12782,train
12061,train
28805,train
7863,train
16490,train
10908,train
94,train
13533,train
19494,train
27835,train
17147,train
14727,train
24799,train
27203,train
15847,train
25194,train
21252,train
25849,train
11930,train
3726,train
16971,train
22243,train
15509,train
3099,train
16877,train
12370,train
3621,train
13858,train
3495,train
18229,train
13208,train
20393,train
18181,train
9764,train
29367,train
2740,train
19743,train
8299,train
3267,train
19172,train
17649,train
24824,train
25277,train
8090,train
19594,train
5081,train
11724,train
10693,train
27834,train
21701,train
19305,train
4257,train
3698,train
3884,train
19681,train
17881,train
22006,train
14007,train
25139,train
24710,train
6114,train
14073,train
11423,train
14914,train
10023,train
9685,train
3317,train
24712,train
9096,train
5719,train
933,train
18928,train
1641,train
23392,train
26332,train
12261,train
8504,train
12749,train
14606,train
22925,train
18744,train
11086,train
5064,train
22271,train
3638,train
17697,train
13918,train
15744,train
26618,train
19429,train
9953,train
28432,train
13034,train
11356,train
24490,train
7841,train
21263,train
24033,train
22338,train
11481,train
26436,train
19542,train
4359,train
14720,train
1017,train
8139,train
14066,train
7379,train
28431,train
18584,train
22927,train
44,train
8325,train
21139,train
21398,train
13445,train
20695,train
17985,train
20067,train
11659,train
16507,train
26478,train
8467,train
17098,train
13921,train
11845,train
10354,train
23140,train
8000,train
1305,train
13046,train
948,train
10057,train
10509,train
231,train
24072,train
20942,train
8499,train
24590,train
24052,train
9571,train
5242,train
17012,train
11128,train
16935,train
20317,train
19811,train
22445,train
9328,train
25178,train
25396,train
18981,train
9639,train
24741,train
24844,train
18184,train
9998,train
28364,train
7479,train
8662,train
22273,train
26357,train
2920,train
27041,train
25724,train
11488,train
19049,train
9365,train
12080,train
18536,train
124,train
6487,train
7248,train
28510,train
15932,train
26944,train
26439,train
13458,train
796,train
19760,train
24321,train
19238,train
19367,train
9331,train
13725,train
28109,train
13217,train
5747,train
14787,train
555,train
17401,train
14803,train
5490,train
22866,train
3878,train
892,train
25408,train
6422,train
19545,train
13171,train
21622,train
20962,train
26943,train
25501,train
17080,train
25410,train
23240,train
14227,train
22433,train
2363,train
23570,train
10103,train
9791,train
9989,train
19452,train
20005,train
24127,train
29417,train
17171,train
19262,train
28371,train
28133,train
18230,train
19229,train
21314,train
20211,train
22591,train
15263,train
3436,train
17268,train
22902,train
9409,train
12299,train
21750,train
25127,train
16555,train
20345,train
10090,train
21373,train
23492,train
8358,train
4564,train
14046,train
20276,train
26148,train
23813,train
5482,train
28596,train
7099,train
8120,train
11178,train
8042,train
14864,train
24207,train
10778,train
18403,train
9724,train
4063,train
18899,train
5403,train
25108,train
15547,train
28317,train
12152,train
17851,train
25709,train
27734,train
9293,train
26962,train
2238,train
1511,train
19526,train
29543,train
4706,train
26199,train
15551,train
17452,train
25085,train
18695,train
14097,train
18426,train
202,train
131,train
5599,train
7541,train
11689,train
28657,train
2494,train
23025,train
28289,train
7448,train
15147,train
12097,train
2924,train
22343,train
10881,train
26988,train
6779,train
25964,train
1237,train
10566,train
18539,train
12271,train
34,train
3859,train
13688,train
28487,train
3507,train
18906,train
1081,train
13502,train
18857,train
2899,train
20990,train
24807,train
17091,train
5998,train
430,train
3238,train
20050,train
11007,train
22649,train
6789,train
1983,train
25877,train
18112,train
5024,train
7729,train
16639,train
5387,train
4234,train
11726,train
23318,train
18168,train
14576,train
13436,train
24148,train
6417,train
21432,train
8212,train
27483,train
11579,train
5322,train
7550,train
28092,train
27881,train
4349,train
1082,train
15543,train
17084,train
18638,train
3788,train
1216,train
16197,train
633,train
20919,train
4851,train
16029,train
23846,train
13583,train
13661,train
16172,train
9417,train
11825,train
6828,train
23151,train
10339,train
25491,train
16513,train
4470,train
6280,train
28807,train
14449,train
25561,train
28587,train
4980,train
23132,train
4089,train
14124,train
176,train
13675,train
15301,train
28338,train
10094,train
11593,train
20509,train
17579,train
24856,train
7335,train
21248,train
22505,train
26416,train
29149,train
27146,train
27282,train
15258,train
16962,train
14609,train
3088,train
9265,train
16193,train
28651,train
12902,train
13371,train
19252,train
26463,train
14550,train
20541,train
1213,train
28279,train
21503,train
16482,train
1750,train
6860,train
28345,train
28942,train
25469,train
15309,train
13710,train
4341,train
25320,train
26354,train
20234,train
4144,train
14441,train
4989,train
7049,train
296,train
28620,train
25368,train
20303,train
20625,train
14312,train
26225,train
13209,train
18839,train
18885,train
29548,train
11202,train
10426,train
17688,train
13449,train
15193,train
19430,train
1032,train
6313,train
11566,train
24273,train
19550,train
27277,train
2180,train
2218,train
29194,train
16539,train
15174,train
19700,train
28169,train
23766,train
23056,train
3264,train
13810,train
20017,train
24378,train
12678,train
13167,train
13613,train
15943,train
20658,train
10265,train
8071,train
12369,train
6525,train
7226,train
9028,train
19034,train
27888,train
12174,train
26429,train
10393,train
4527,train
8826,train
9340,train
21148,train
13783,train
22666,train
23564,train
2022,train
20173,train
2978,train
29161,train
24242,train
10183,train
20009,train
22764,train
5889,train
20661,train
16718,train
1892,train
25869,train
2127,train
23727,train
13107,train
15387,train
28722,train
17888,train
16828,train
5808,train
18601,train
22547,train
16331,train
16471,train
24798,train
14377,train
16932,train
21187,train
20922,train
6240,train
8802,train
2510,train
15362,train
15079,train
28399,train
27623,train
1186,train
17126,train
4183,train
15501,train
16896,train
304,train
24387,train
8618,train
4265,train
16690,train
15315,train
29227,train
22794,train
16553,train
23369,train
4629,train
20051,train
22560,train
11275,train
16180,train
18132,train
24190,train
2602,train
28703,train
8388,train
3187,train
14152,train
10199,train
22851,train
1309,train
22189,train
165,train
18668,train
3543,train
11125,train
434,train
25705,train
12309,train
29550,train
12807,train
24961,train
11647,train
19504,train
29047,train
2047,train
15556,train
7350,train
5282,train
19084,train
2128,train
21748,train
23039,train
22955,train
18694,train
24925,train
16420,train
2087,train
12358,train
26168,train
6073,train
28398,train
12063,train
27814,train
6264,train
20466,train
22053,train
14933,train
15129,train
5017,train
2896,train
26191,train
27944,train
9178,train
5752,train
8588,train
24783,train
13808,train
27460,train
14283,train
14442,train
29499,train
14527,train
29429,train
28246,train
21870,train
7514,train
22307,train
3384,train
16618,train
20615,train
16424,train
7152,train
19731,train
27358,train
9913,train
3429,train
20062,train
19903,train
13479,train
17077,train
6438,train
8505,train
21755,train
22937,train
17348,train
6336,train
20109,train
10004,train
24028,train
24718,train
27542,train
15272,train
11860,train
17948,train
28952,train
1972,train
19956,train
5448,train
6489,train
27930,train
9131,train
26359,train
18367,train
24238,train
28363,train
13903,train
18541,train
1431,train
22799,train
28872,train
26295,train
4592,train
13241,train
9424,train
143,train
25476,train
25505,train
18493,train
3851,train
27215,train
27654,train
8130,train
12176,train
1139,train
10772,train
3578,train
14440,train
23871,train
5532,train
24598,train
22921,train
12765,train
16946,train
5787,train
5868,train
24952,train
16339,train
25495,train
22172,train
27607,train
6010,train
7331,train
339,train
29030,train
21063,train
18200,train
11884,train
21536,train
21511,train
1354,train
8328,train
25538,train
20741,train
11110,train
15664,train
18840,train
22749,train
22781,train
17302,train
23182,train
22584,train
15237,train
6027,train
23861,train
1743,train
4343,train
7319,train
26251,train
22065,train
7780,train
18378,train
1620,train
1508,train
4283,train
10874,train
740,train
3203,train
14641,train
18315,train
12031,train
20930,train
19032,train
11905,train
15904,train
29106,train
22154,train
17390,train
10066,train
25423,train
9203,train
15259,train
14179,train
5278,train
3942,train
9893,train
18207,train
22373,train
20409,train
6420,train
22331,train
9032,train
28162,train
21279,train
14376,train
22573,train
11771,train
4070,train
24721,train
24629,train
24795,train
9816,train
11397,train
26201,train
24329,train
25165,train
21879,train
10989,train
14182,train
25230,train
16742,train
28599,train
11068,train
25270,train
3797,train
29078,train
16089,train
5247,train
17397,train
17842,train
16278,train
17715,train
26732,train
1379,train
27022,train
105,train
23854,train
3979,train
14184,train
16349,train
12987,train
12790,train
18731,train
18902,train
1341,train
20993,train
3232,train
22011,train
28350,train
12985,train
26305,train
21812,train
28467,train
5556,train
5865,train
27357,train
7446,train
3208,train
19253,train
4155,train
23118,train
26975,train
19959,train
18416,train
20505,train
14627,train
15364,train
23314,train
10141,train
9758,train
27336,train
6529,train
19524,train
3410,train
12863,train
17368,train
29292,train
19724,train
17052,train
15612,train
27871,train
12900,train
6554,train
1553,train
10360,train
9735,train
12948,train
21678,train
15681,train
14280,train
8800,train
17036,train
16689,train
2725,train
12,train
15393,train
15545,train
1006,train
11766,train
18813,train
22354,train
482,train
26701,train
29490,train
28106,train
12719,train
14072,train
21022,train
12745,train
15967,train
18614,train
19988,train
2323,train
6943,train
11505,train
10812,train
15428,train
6551,train
14234,train
1423,train
8110,train
27376,train
7092,train
9181,train
20683,train
24711,train
28058,train
14006,train
13364,train
24724,train
4637,train
17607,train
308,train
21775,train
16891,train
22923,train
23895,train
10998,train
27073,train
9908,train
19839,train
7282,train
12308,train
2881,train
20788,train
18369,train
14570,train
9679,train
6567,train
15745,train
25578,train
28390,train
21023,train
9038,train
7636,train
1775,train
25129,train
12536,train
11740,train
3362,train
13833,train
13705,train
24136,train
21453,train
22557,train
28754,train
10833,train
16869,train
5374,train
22306,train
15874,train
24034,train
16382,train
25227,train
27359,train
4761,train
1649,train
3925,train
3381,train
25499,train
29448,train
12007,train
13569,train
11014,train
24619,train
20370,train
11432,train
11458,train
25443,train
19496,train
20179,train
28476,train
2806,train
7820,train
17078,train
12411,train
23497,train
28550,train
5075,train
17704,train
28997,train
24872,train
18889,train
2859,train
26004,train
12104,train
9012,train
25535,train
8402,train
18345,train
29519,train
2969,train
1417,train
20327,train
20886,train
8566,train
28710,train
6832,train
17622,train
7504,train
21922,train
23534,train
18452,train
2709,train
4454,train
13970,train
15997,train
3320,train
2682,train
338,train
51,train
6929,train
9431,train
13646,train
28906,train
25941,train
15375,train
1104,train
4820,train
8535,train
11711,train
10236,train
5991,train
25770,train
25583,train
5955,train
19885,train
5919,train
14065,train
3201,train
3402,train
26858,train
19785,train
17008,train
19934,train
3120,train
11940,train
27137,train
28968,train
24999,train
7853,train
20748,train
28419,train
20934,train
18170,train
26423,train
8684,train
269,train
24098,train
28508,train
4555,train
20737,train
7374,train
15360,train
3692,train
10851,train
12634,train
20599,train
3468,train
22308,train
569,train
21978,train
27772,train
21732,train
1377,train
19890,train
1380,train
25101,train
27794,train
7489,train
17551,train
10705,train
20828,train
17783,train
10453,train
28000,train
5054,train
14197,train
21400,train
22901,train
21406,train
3876,train
6573,train
25422,train
28123,train
19067,train
26099,train
19756,train
10257,train
13892,train
19258,train
3970,train
18782,train
19095,train
20701,train
14665,train
16525,train
14591,train
12930,train
8421,train
8620,train
1331,train
28022,train
21191,train
8827,train
16340,train
29243,train
10969,train
3057,train
3822,train
8996,train
20205,train
22736,train
23358,train
7283,train
27154,train
99,train
18526,train
495,train
27793,train
14857,train
9200,train
367,train
10645,train
23783,train
14959,train
1043,train
19162,train
10966,train
13556,train
12198,train
20450,train
25605,train
29629,train
12321,train
16924,train
3848,train
2644,train
13862,train
4731,train
16052,train
5042,train
6222,train
7910,train
26570,train
117,train
25922,train
19389,train
9029,train
5245,train
17300,train
28824,train
13829,train
2369,train
5325,train
9085,train
4245,train
12990,train
15882,train
27657,train
9813,train
5965,train
29324,train
4484,train
1538,train
27851,train
21876,train
28001,train
10902,train
19701,train
3599,train
14093,train
5809,train
13452,train
2060,train
17067,train
16143,train
29427,train
26039,train
25615,train
13403,train
3524,train
28499,train
8522,train
16289,train
7595,train
10624,train
23321,train
11986,train
8853,train
22678,train
29126,train
19577,train
25696,train
17893,train
9583,train
18609,train
29583,train
15583,train
20184,train
3796,train
21610,train
2922,train
8512,train
5368,train
15562,train
18006,train
22095,train
8673,train
14237,train
10241,train
18354,train
13497,train
21672,train
14989,train
24117,train
24138,train
23670,train
9841,train
5634,train
20128,train
19316,train
16220,train
25293,train
23312,train
27442,train
21335,train
7578,train
26597,train
14058,train
17917,train
742,train
29614,train
26882,train
20772,train
28235,train
21857,train
11531,train
26730,train
1621,train
7085,train
25749,train
25324,train
23133,train
8623,train
20083,train
24342,train
17952,train
22108,train
26764,train
9280,train
26185,train
8058,train
28517,train
25593,train
13673,train
24296,train
18698,train
8621,train
8194,train
28221,train
26505,train
20045,train
15665,train
28167,train
24692,train
14353,train
220,train
3038,train
24553,train
11371,train
17137,train
14596,train
24305,train
8704,train
13251,train
6433,train
7357,train
13032,train
9995,train
10753,train
27557,train
8015,train
23782,train
19354,train
19445,train
8820,train
16793,train
7362,train
6566,train
26999,train
16632,train
5156,train
25840,train
3908,train
27907,train
28441,train
18634,train
20702,train
14424,train
11706,train
17811,train
7845,train
29483,train
21233,train
6632,train
23862,train
6521,train
6351,train
20853,train
4877,train
21819,train
11051,train
767,train
26720,train
24424,train
18838,train
7553,train
4907,train
9865,train
10007,train
15449,train
16301,train
13476,train
28087,train
12704,train
22007,train
13840,train
20704,train
7101,train
860,train
18623,train
3695,train
17402,train
11370,train
14204,train
13201,train
29021,train
7973,train
27490,train
22893,train
10286,train
23994,train
12959,train
907,train
7299,train
1634,train
5973,train
24584,train
23285,train
807,train
15856,train
14669,train
4011,train
11507,train
26258,train
19358,train
8973,train
1863,train
4759,train
14472,train
26652,train
28425,train
14506,train
13732,train
25413,train
11639,train
6270,train
12578,train
5563,train
2691,train
27537,train
16710,train
11890,train
22609,train
7849,train
9183,train
12598,train
27379,train
8674,train
28602,train
28395,train
2943,train
18726,train
18995,train
13920,train
8158,train
8970,train
8779,train
9653,train
22146,train
24752,train
21464,train
13481,train
20231,train
28690,train
7025,train
26691,train
9443,train
11329,train
1079,train
29143,train
18921,train
18616,train
25863,train
17019,train
4261,validation
11503,validation
8017,validation
5137,validation
1042,validation
13463,validation
16817,validation
15933,validation
29415,validation
17904,validation
23809,validation
7715,validation
11728,validation
21424,validation
29052,validation
8281,validation
22815,validation
15686,validation
24956,validation
27351,validation
20611,validation
29000,validation
16328,validation
15824,validation
24359,validation
4461,validation
11819,validation
3351,validation
22288,validation
21362,validation
16325,validation
17107,validation
19121,validation
25390,validation
13003,validation
24769,validation
8052,validation
9301,validation
15455,validation
11385,validation
15529,validation
11092,validation
2618,validation
1884,validation
28343,validation
9165,validation
7547,validation
16503,validation
29312,validation
17203,validation
5996,validation
12362,validation
23933,validation
2300,validation
26211,validation
24004,validation
3753,validation
5764,validation
28806,validation
5016,validation
5153,validation
12769,validation
20572,validation
3605,validation
4385,validation
17056,validation
18537,validation
15918,validation
14510,validation
15913,validation
25311,validation
960,validation
19488,validation
28611,validation
26117,validation
24304,validation
13507,validation
28299,validation
15950,validation
13478,validation
22173,validation
15003,validation
11939,validation
14638,validation
11066,validation
23828,validation
15485,validation
6709,validation
16358,validation
20548,validation
22275,validation
15238,validation
9857,validation
18293,validation
2569,validation
27500,validation
18282,validation
18998,validation
20437,validation
4496,validation
24156,validation
15731,validation
25687,validation
6670,validation
21491,validation
13215,validation
12520,validation
7697,validation
1290,validation
12684,validation
27420,validation
10536,validation
10888,validation
10584,validation
5480,validation
11070,validation
15300,validation
17582,validation
24355,validation
24440,validation
18164,validation
13849,validation
13408,validation
11392,validation
21289,validation
29637,validation
3451,validation
13465,validation
2428,validation
29357,validation
29111,validation
5078,validation
6133,validation
749,validation
2911,validation
5946,validation
13638,validation
16608,validation
17153,validation
28509,validation
22628,validation
2626,validation
12158,validation
98,validation
10290,validation
26593,validation
4568,validation
13906,validation
28020,validation
25189,validation
24656,validation
1409,validation
2895,validation
7024,validation
8595,validation
8177,validation
18124,validation
22384,validation
15207,validation
25943,validation
19664,validation
15491,validation
27927,validation
11704,validation
5638,validation
26640,validation
24401,validation
2999,validation
1523,validation
4663,validation
12333,validation
16765,validation
27387,validation
17873,validation
12263,validation
875,validation
22845,validation
13698,validation
26026,validation
16489,validation
9664,validation
24784,validation
15358,validation
24067,validation
19941,validation
4833,validation
22244,validation
28847,validation
9781,validation
2152,validation
3116,validation
24680,validation
9153,validation
572,validation
8527,validation
917,validation
28810,validation
28860,validation
12810,validation
4875,validation
6642,validation
27248,validation
20605,validation
17794,validation
16075,validation
21427,validation
13592,validation
3005,validation
10709,validation
15341,validation
26969,validation
10815,validation
13944,validation
27849,validation
4999,validation
11955,validation
24957,validation
12439,validation
28177,validation
1378,validation
24869,validation
25204,validation
3233,validation
22726,validation
7516,validation
10019,validation
1941,validation
18913,validation
7304,validation
6225,validation
7741,validation
25797,validation
12711,validation
9584,validation
19846,validation
17513,validation
18329,validation
19336,validation
29001,validation
2656,validation
17413,validation
5029,validation
9164,validation
25785,validation
7031,validation
2263,validation
20216,validation
9435,validation
4163,validation
23941,validation
3108,validation
23630,validation
17528,validation
6517,validation
16875,validation
23512,validation
9137,validation
16665,validation
5391,validation
897,validation
15834,validation
20948,validation
11166,validation
15962,validation
19157,validation
41,validation
19828,validation
5266,validation
3770,validation
8525,validation
18825,validation
19971,validation
8847,validation
10796,validation
5220,validation
22165,validation
16341,validation
18254,validation
25145,validation
10172,validation
21395,validation
16912,validation
24882,validation
15671,validation
19297,validation
5177,validation
9116,validation
17736,validation
13820,validation
17518,validation
21487,validation
12385,validation
19942,validation
24416,validation
4028,validation
9218,validation
8697,validation
9612,validation
2996,validation
24075,validation
11315,validation
18175,validation
19231,validation
10665,validation
2121,validation
10404,validation
14713,validation
3327,validation
21044,validation
27211,validation
24391,validation
26045,validation
28920,validation
24066,validation
1656,validation
9256,validation
21803,validation
5253,validation
19530,validation
9734,validation
3861,validation
21912,validation
5987,validation
23880,validation
24009,validation
24,validation
13560,validation
14715,validation
571,validation
6455,validation
16652,validation
6874,validation
1619,validation
2718,validation
1052,validation
13899,validation
27212,validation
8911,validation
15252,validation
13924,validation
22045,validation
22767,validation
5584,validation
15692,validation
4213,validation
15705,validation
24707,validation
10053,validation
19123,validation
19192,validation
792,validation
24978,validation
10242,validation
19033,validation
25225,validation
21903,validation
24632,validation
16440,validation
6993,validation
5234,validation
5170,validation
22968,validation
22829,validation
10129,validation
23604,validation
21664,validation
25925,validation
16038,validation
6478,validation
20754,validation
1618,validation
20022,validation
26805,validation
22222,validation
14937,validation
7775,validation
27720,validation
17986,validation
7268,validation
2986,validation
4767,validation
6877,validation
28024,validation
20817,validation
10187,validation
14801,validation
25369,validation
21996,validation
28471,validation
8165,validation
21147,validation
22050,validation
26643,validation
6462,validation
16537,validation
9155,validation
750,validation
5321,validation
7861,validation
11097,validation
9197,validation
14139,validation
15784,validation
9861,validation
29085,validation
21220,validation
15307,validation
13604,validation
10245,validation
19467,validation
21230,validation
10921,validation
568,validation
21573,validation
15279,validation
21797,validation
17297,validation
7287,validation
14691,validation
21657,validation
17595,validation
5932,validation
25255,validation
28198,validation
25347,validation
8144,validation
2630,validation
1690,validation
13585,validation
15432,validation
11762,validation
14075,validation
8533,validation
27831,validation
7221,validation
16978,validation
17044,validation
16922,validation
952,validation
4438,validation
12701,validation
27458,validation
8009,validation
5546,validation
6374,validation
10119,validation
26405,validation
12127,validation
18666,validation
27124,validation
25621,validation
25558,validation
11271,validation
19714,validation
22359,validation
12319,validation
25467,validation
5037,validation
1430,validation
13098,validation
1211,validation
3646,validation
9453,validation
21997,validation
22586,validation
23037,validation
27498,validation
3817,validation
22003,validation
12617,validation
17678,validation
5890,validation
27936,validation
622,validation
2158,validation
22119,validation
7568,validation
16292,validation
16209,validation
2495,validation
26751,validation
17289,validation
18778,validation
10636,validation
11441,validation
22429,validation
5912,validation
24691,validation
6533,validation
21209,validation
22596,validation
28040,validation
310,validation
3632,validation
26795,validation
26556,validation
21852,validation
3016,validation
13135,validation
2838,validation
7305,validation
15425,validation
26955,validation
15525,validation
27299,validation
23310,validation
11533,validation
876,validation
27926,validation
22320,validation
7590,validation
8630,validation
27069,validation
1383,validation
14430,validation
11351,validation
10158,validation
26451,validation
19418,validation
2730,validation
4423,validation
9330,validation
23332,validation
22760,validation
6376,validation
1131,validation
16680,validation
19004,validation
19232,validation
22517,validation
8798,validation
28560,validation
21947,validation
4682,validation
2722,validation
3602,validation
23188,validation
29530,validation
13173,validation
28949,validation
12839,validation
6171,validation
26361,validation
10240,validation
15028,validation
3618,validation
11612,validation
9033,validation
13221,validation
28009,validation
4937,validation
3135,validation
26093,validation
3266,validation
16270,validation
20939,validation
21182,validation
4027,validation
6008,validation
2156,validation
6895,validation
7889,validation
12871,validation
27424,validation
9308,validation
20004,validation
28681,validation
24766,validation
11208,validation
21753,validation
9057,validation
23161,validation
27527,validation
25034,validation
7003,validation
3869,validation
18176,validation
12349,validation
1744,validation
15846,validation
16435,validation
2157,validation
11266,validation
22319,validation
17451,validation
3965,validation
14214,validation
2885,validation
16160,validation
2507,validation
29089,validation
13008,validation
10640,validation
24408,validation
19126,validation
11790,validation
14575,validation
22978,validation
24443,validation
6858,validation
1253,validation
2812,validation
8151,validation
19422,validation
4233,validation
1662,validation
13922,validation
27889,validation
7043,validation
14809,validation
6058,validation
3102,validation
8884,validation
19787,validation
27651,validation
23124,validation
10737,validation
18005,validation
20618,validation
27455,validation
25616,validation
278,validation
23970,validation
18920,validation
22835,validation
17411,validation
9924,validation
15240,validation
6878,validation
690,validation
11721,validation
174,validation
4479,validation
7216,validation
21615,validation
20675,validation
15349,validation
24540,validation
19948,validation
5835,validation
21074,validation
20997,validation
29242,validation
16433,validation
10507,validation
13186,validation
7112,validation
17095,validation
20074,validation
8790,validation
21286,validation
15712,validation
8470,validation
5972,validation
28477,validation
232,validation
12965,validation
15474,validation
25892,validation
9325,validation
8964,validation
22947,validation
27116,validation
8183,validation
23681,validation
13216,validation
23966,validation
1987,validation
11462,validation
25378,validation
14488,validation
21866,validation
6557,test
29465,test
29477,test
28144,test
18400,test
14129,test
25817,test
10643,test
15923,test
2281,test
22507,test
7875,test
9168,test
19587,test
24851,test
11869,test
26746,test
9198,test
6605,test
29008,test
17934,test
25830,test
19483,test
24805,test
21828,test
15464,test
966,test
23374,test
25173,test
5303,test
4467,test
24934,test
10940,test
10380,test
13448,test
1334,test
25919,test
318,test
23586,test
23433,test
1278,test
49,test
14292,test
20089,test
27994,test
3447,test
19673,test
18417,test
15993,test
24373,test
3064,test
21010,test
7463,test
4670,test
10489,test
25717,test
15828,test
27594,test
26510,test
1608,test
10281,test
14323,test
12914,test
14010,test
2236,test
17216,test
16053,test
19433,test
7692,test
1790,test
14663,test
7895,test
26816,test
21930,test
9574,test
823,test
24523,test
20959,test
3529,test
24174,test
19951,test
7838,test
23903,test
21217,test
20346,test
3760,test
10635,test
5011,test
7571,test
27401,test
22388,test
21255,test
14530,test
14644,test
9946,test
25772,test
28830,test
4915,test
307,test
27844,test
4060,test
29460,test
323,test
3597,test
5228,test
20086,test
18023,test
20107,test
18271,test
8925,test
1586,test
16810,test
16883,test
12884,test
3479,test
12337,test
25023,test
2590,test
7205,test
1638,test
7046,test
23019,test
25787,test
19875,test
12406,test
19054,test
8946,test
1869,test
17600,test
18620,test
17756,test
22730,test
20740,test
17385,test
16299,test
11157,test
9318,test
26175,test
4615,test
21950,test
6012,test
24949,test
14341,test
2335,test
8943,test
2484,test
8094,test
4536,test
27070,test
29374,test
15042,test
17560,test
2445,test
11495,test
19156,test
12051,test
11853,test
20841,test
14112,test
19434,test
17266,test
8289,test
14231,test
11398,test
21439,test
25657,test
1671,test
24968,test
1127,test
6404,test
7663,test
363,test
1921,test
16318,test
431,test
2125,test
29432,test
25808,test
13433,test
20714,test
5150,test
18655,test
15346,test
10411,test
11987,test
15850,test
22820,test
23514,test
11064,test
3904,test
9095,test
25228,test
10308,test
311,test
24247,test
14755,test
2059,test
16486,test
17467,test
14085,test
27231,test
3358,test
11017,test
27722,test
7065,test
25811,test
21528,test
24454,test
21267,test
1558,test
17684,test
8542,test
11177,test
20294,test
5596,test
14306,test
16756,test
14549,test
6070,test
8694,test
23939,test
18032,test
23035,test
23043,test
760,test
18858,test
25428,test
21158,test
8239,test
16769,test
19629,test
16604,test
29152,test
15482,test
7270,test
2499,test
17632,test
8079,test
7266,test
4139,test
28473,test
9039,test
12210,test
26067,test
10045,test
10970,test
29048,test
16352,test
3676,test
20439,test
4141,test
2987,test
24433,test
2612,test
6419,test
23502,test
12594,test
18780,test
16952,test
11756,test
24927,test
4506,test
28727,test
17242,test
29606,test
19668,test
10044,test
12521,test
4935,test
17772,test
16836,test
249,test
15694,test
14824,test
1975,test
4243,test
18533,test
26940,test
17574,test
3959,test
23911,test
20446,test
22151,test
21015,test
10938,test
4053,test
16565,test
19994,test
17181,test
6119,test
6055,test
5287,test
20794,test
12993,test
4193,test
25829,test
7719,test
22941,test
7097,test
18784,test
423,test
525,test
24279,test
12854,test
28767,test
4626,test
25795,test
12133,test
42,test
5664,test
5398,test
23416,test
13313,test
16856,test
21497,test
3100,test
9434,test
20176,test
4946,test
14100,test
19613,test
5523,test
15373,test
9134,test
16683,test
7708,test
11562,test
23317,test
36,test
24791,test
27975,test
9081,test
7271,test
899,test
24909,test
5929,test
2765,test
2905,test
18796,test
26291,test
7610,test
18454,test
15832,test
17669,test
15075,test
26829,test
12060,test
23482,test
12364,test
21607,test
29352,test
19525,test
24868,test
5522,test
123,test
17898,test
26440,test
24726,test
20041,test
15536,test
21895,test
29450,test
4494,test
24647,test
20367,test
22563,test
15093,test
8228,test
28389,test
21315,test
27948,test
17621,test
8492,test
14080,test
7764,test
7414,test
15495,test
3544,test
22417,test
7874,test
5673,test
14995,test
16104,test
16288,test
17710,test
9613,test
15674,test
19152,test
3561,test
11809,test
11792,test
28975,test
9461,test
23330,test
19139,test
11963,test
13470,test
6941,test
23999,test
5176,test
19014,test
14689,test
24522,test
1809,test
16505,test
13994,test
6038,test
23148,test
12404,test
24082,test
2455,test
19964,test
15026,test
28352,test
6671,test
28241,test
26872,test
24836,test
9596,test
16064,test
12777,test
15413,test
1844,test
16245,test
12537,test
1717,test
4967,test
9546,test
26471,test
24230,test
22620,test
26641,test
28992,test
26853,test
27461,test
20855,test
11148,test
7904,test
26244,test
561,test
19552,test
3225,test
24585,test
17273,test
10688,test
8164,test
16071,test
26527,test
9515,test
9937,test
26370,test
10617,test
23011,test
20852,test
8040,test
28867,test
21104,test
27760,test
8199,test
20258,test
10446,test
6926,test
16855,test
13538,test
6971,test
17180,test
7817,test
5061,test
16500,test
9892,test
29225,test
19220,test
18986,test
6745,test
21302,test
21108,test
17184,test
26522,test
14676,test
6724,test
24839,test
11244,test
17824,test
19921,test
10677,test
6017,test
3728,test
15540,test
11752,test
12211,test
266,test
21128,test
23453,test
24484,test
11268,test
1642,test
21469,test
23636,test
10642,test
10513,test
22024,test
13180,test
25005,test
23238,test
18171,test
9171,test
9997,test
28004,test
13832,test
9373,test
28837,test
28647,test
1307,test
6825,test
2697,test
16615,test
3978,test
17458,test
24667,test
23943,test
5826,test
25747,test
28654,test
26163,test
29414,test
11805,test
24757,test
18767,test
17143,test
19003,test
8210,test
6866,test
5129,test
22640,test
16400,test
6220,test
26132,test
1395,test
18852,test
8691,test
27184,test
25066,test
21242,test
20299,test
24318,test
12589,test
28129,test
27758,test
12620,test
14539,test
5887,test
604,test
6282,test
23518,test
18194,test
21705,test
2650,test
9484,test
19370,test
14023,test
6449,test
5071,test
19570,test
2134,test
22766,test
27529,test
21786,test
25891,test
24456,test
4408,test
20460,test
23013,test
8897,test
14210,test
13720,test
16735,test
8118,test
27102,test
22283,test
4074,test
16210,test
23965,test
11950,test
24983,test
1525,test
10272,test
11412,test
6721,test
19880,test
21316,test
15655,test
20416,test
17820,test
13747,test
26608,test
16215,test
17468,test
21634,test
10148,test
17261,test
25884,test
11483,test
17570,test
16627,test
7899,test
23532,test
18321,test
24044,test
18080,test
29645,test
18212,test
21470,test
348,test
16819,test
7866,test
6344,test
24850,test
11162,test
26897,test
13953,test
14167,test
19667,test
4570,test
26224,test
16596,test
22899,test
15454,test
23802,test
9545,test
3759,test
8472,test
26727,test
15073,test
16664,test
15117,test
8098,test
9700,test
20693,test
9701,test
28248,test
13763,test
5056,test
21066,test
22544,test
16234,test
729,test
20940,test
17730,test
5519,test
19306,test
5311,test
1496,test
6122,test
22216,test
27845,test
24450,test
23542,test
10699,test
5189,test
7740,test
6029,test
15192,test
19580,test
24266,test
16968,test
286,test
5419,test
6320,test
19633,test
17363,test
21159,test
8898,test
20659,test
20837,train
14792,train
12442,train
244,train
126,train
20445,train
17202,train
25519,train
19573,train
12465,train
7755,train
11753,train
24800,train
28083,train
7404,train
3982,train
11506,train
10385,train
5496,train
24457,train
16669,train
4077,train
5633,train
18962,train
13022,train
19294,train
21385,train
24937,train
27127,train
3899,train
2421,train
3930,train
27882,train
26409,train
17987,train
8113,train
24379,train
2033,train
3017,train
8272,train
13121,train
21096,train
22962,train
122,train
17086,train
19709,train
13028,train
21548,train
2972,train
5339,train
12244,train
3590,train
21339,train
16479,train
924,train
17446,train
12857,train
9628,train
14952,train
29204,train
22386,train
12958,train
19854,train
28148,train
7313,train
7511,train
19051,train
15607,train
9190,train
24168,train
4656,train
17733,train
25979,train
20337,train
26056,train
20389,train
8384,train
24324,train
3702,train
11925,train
25462,train
16897,train
8810,train
9753,train
14560,train
28766,train
15611,train
7868,train
15343,train
24732,train
5351,train
27173,train
11327,train
21102,train
25623,train
2814,train
27470,train
21740,train
18401,train
5080,train
1740,train
8592,train
26602,train
251,train
26237,train
4379,train
11214,train
12286,train
26775,train
2855,train
8382,train
9654,train
25379,train
21401,train
24596,train
21099,train
8237,train
21873,train
910,train
7182,train
25931,train
22716,train
8073,train
18332,train
6817,train
15242,train
9746,train
17433,train
8060,train
23136,train
19655,train
1925,train
28053,train
14444,train
19028,train
28983,train
24460,train
9079,train
15517,train
1727,train
10027,train
8097,train
18650,train
3907,train
26178,train
11052,train
14657,train
6658,train
18729,train
16415,train
14615,train
14110,train
12179,train
21987,train
28826,train
20474,train
11552,train
868,train
20679,train
3095,train
8171,train
29420,train
29071,train
9090,train
6400,train
10746,train
1570,train
27666,train
15981,train
18672,train
20352,train
9594,train
26128,train
7588,train
5937,train
24609,train
11133,train
28970,train
12388,train
8393,train
22973,train
10130,train
19868,train
16447,train
17677,train
20025,train
3832,train
7512,train
23863,train
8726,train
4097,train
11287,train
15960,train
25672,train
18217,train
13300,train
8240,train
11965,train
15883,train
20868,train
22629,train
11472,train
12238,train
1401,train
2755,train
24166,train
28911,train
22052,train
19254,train
226,train
2444,train
20901,train
6840,train
10548,train
11203,train
13821,train
22235,train
2088,train
442,train
22518,train
23395,train
18221,train
2585,train
27892,train
29162,train
12096,train
21526,train
7565,train
13078,train
19702,train
4133,train
23465,train
959,train
5678,train
2675,train
10109,train
480,train
27852,train
18463,train
13960,train
14922,train
27991,train
28381,train
9103,train
9761,train
11852,train
27711,train
5631,train
27251,train
25006,train
12748,train
24335,train
14842,train
20386,train
5838,train
28616,train
22476,train
18581,train
8023,train
25092,train
3688,train
21756,train
20897,train
5852,train
16054,train
2945,train
20851,train
1615,train
5875,train
283,train
3932,train
8292,train
1493,train
16785,train
25097,train
20970,train
4156,train
20584,train
25563,train
8205,train
25074,train
23319,train
16181,train
18835,train
7753,train
3784,train
14350,train
1245,train
11789,train
23014,train
11795,train
21250,train
306,train
15964,validation
22956,validation
17920,validation
10720,validation
28501,validation
2027,validation
27220,validation
17629,validation
8244,validation
500,validation
7073,validation
1071,validation
4137,validation
26155,validation
15684,validation
2646,validation
17500,validation
23158,validation
26068,validation
24747,validation
10132,validation
7039,validation
23607,validation
1217,validation
20221,validation
6315,validation
7480,validation
9831,validation
16302,validation
2563,validation
11831,validation
19375,validation
12526,validation
2801,validation
22855,validation
1883,validation
14223,validation
10441,validation
28695,validation
12363,validation
19474,validation
20494,validation
3857,validation
17365,validation
13279,validation
24434,validation
8095,validation
26377,validation
27331,validation
14337,validation
15680,validation
17120,validation
26704,validation
18590,validation
77,validation
20832,validation
13618,validation
11509,validation
4978,validation
9065,validation
13467,validation
23897,validation
1132,test
31,test
28819,test
23359,test
4698,test
17769,test
375,test
15929,test
8442,test
20622,test
2222,test
27903,test
1055,test
3029,test
27708,test
25566,test
15802,test
3109,test
23030,test
21893,test
7963,test
15565,test
19609,test
4356,test
3118,test
27303,test
23129,test
27609,test
13621,test
21804,test
7458,test
17641,test
2214,test
15751,test
6330,test
9052,test
8692,test
1927,test
11675,test
13356,test
13269,test
1958,test
28720,test
2305,test
5618,test
8616,test
11390,test
28154,test
27809,test
24095,test
24763,test
15423,test
27789,test
9549,test
16045,test
23003,test
2384,test
23858,test
16607,test
10107,test
8540,test
6711,test
24835,test
3373,test
26143,train
26140,train
505,train
10466,train
17973,train
14817,train
7624,train
24060,train
14975,train
10638,train
19933,train
17201,train
18711,train
27009,train
17134,train
9229,train
19282,train
7483,train
27003,train
2164,train
2696,train
1030,train
4131,train
698,train
15140,train
14747,train
5114,train
4931,train
16953,train
5345,train
15440,train
13435,train
21154,train
11528,train
6598,train
9098,train
25554,train
26441,train
5744,train
6793,train
24898,train
6630,train
16713,train
11678,train
28039,train
13084,train
12577,train
22211,train
25974,train
4866,train
6341,train
18094,train
4835,train
24171,train
10420,train
19444,train
13717,train
13782,train
1386,train
4844,train
8930,train
7968,train
18579,train
21951,train
2099,train
14433,train
28159,train
7759,train
3348,train
18393,train
2759,train
14919,train
13063,train
3704,train
14308,train
25094,train
22059,train
22190,train
9531,train
3097,train
17860,train
4404,train
21517,train
18,train
27467,train
21905,train
8605,train
22449,train
21413,train
24439,train
14142,train
24385,train
6398,train
11978,train
26069,train
5941,train
8921,train
20059,train
19985,train
26031,train
6352,train
16249,train
19553,train
7942,train
9907,train
7535,train
8351,train
787,train
27185,train
14916,train
17923,train
6594,train
1084,train
1126,train
14990,train
8166,train
9377,train
7886,train
6406,train
29081,train
9957,train
22989,train
20971,train
20488,train
1952,train
8475,train
395,train
19510,train
23266,train
5971,train
680,train
26109,train
472,train
1152,train
2695,train
23755,train
14334,train
6128,train
7738,train
17139,train
15395,train
5091,train
17037,train
7757,train
2746,train
27870,train
12361,train
3003,train
8573,train
22963,train
10382,train
11677,train
464,train
15682,train
22074,train
8278,train
19489,train
7088,train
16304,train
14923,train
26119,train
18101,train
17215,train
6023,train
16330,train
22382,train
7920,train
10658,train
5805,train
13707,train
1228,train
11822,train
8676,train
22009,train
14685,train
6768,train
2599,train
28784,train
6381,train
25062,train
24979,train
1147,train
16636,train
21256,train
19821,train
6167,train
17115,train
29496,train
6476,train
1827,train
27763,train
1834,train
4566,train
19093,train
6591,train
21144,train
22913,train
14807,train
8049,train
9018,train
14236,train
24445,train
11982,train
3860,train
19712,train
13252,train
17537,train
13311,train
12255,train
20818,train
26428,train
2496,train
26231,train
8801,train
2657,train
27144,train
841,train
18358,train
6585,train
9940,train
18506,train
16744,train
19122,train
15499,train
5070,train
4610,train
3426,train
20140,train
10628,train
12027,train
11709,train
22077,train
10128,train
22838,train
3929,train
1926,train
15737,train
21215,train
27864,train
11622,train
9825,train
303,train
12147,train
8434,train
6452,train
13182,train
1357,train
13267,train
23689,train
11454,train
19698,train
26141,train
7606,train
3353,train
10033,train
10064,train
11325,train
8319,train
1787,train
23759,train
24714,train
3146,train
626,train
26113,train
12670,train
25310,train
23912,train
17803,train
3221,train
10786,train
7358,train
6582,train
19784,train
29644,train
621,train
5697,train
10519,train
11568,train
13740,train
18830,train
19637,train
15522,train
27723,train
8754,train
4777,train
4905,train
3457,train
10500,train
13044,train
19968,train
13883,train
6617,train
27380,train
121,train
2432,train
25763,train
29346,train
22685,train
12149,train
10959,train
21689,train
5036,train
3522,train
14345,train
13596,train
22702,train
16473,train
9864,train
19081,train
20987,train
17209,train
29062,train
21822,train
5267,train
15825,train
19396,train
15988,train
16782,train
29360,train
19197,train
29212,train
452,train
19137,train
8840,train
19487,train
9874,train
28233,train
9094,train
8282,train
16476,train
11849,train
14224,train
14176,train
19263,train
11553,train
16380,train
8985,train
11962,train
2302,train
16551,train
12389,train
2108,train
22938,train
4862,train
6666,train
28138,train
12246,train
13503,train
4846,train
26926,train
14296,train
1181,train
25461,train
2501,train
8213,train
10277,train
5594,train
20302,train
9104,train
18772,train
7482,train
19672,train
12840,train
16333,train
3503,train
866,train
11246,train
24697,train
16478,train
7945,train
10190,train
13202,train
19154,train
19851,train
13284,train
6898,train
23724,train
7030,train
26851,train
15418,train
7901,train
11765,train
12604,train
17766,train
109,train
3794,train
7736,train
21764,train
3581,train
11674,train
9253,train
575,train
3185,train
7377,train
26526,train
4006,train
29140,train
10288,validation
21048,validation
20813,validation
8007,validation
19565,validation
22063,validation
728,validation
19954,validation
13102,validation
4996,validation
4773,validation
8502,validation
21196,validation
10150,validation
26316,validation
13298,validation
7703,validation
956,validation
3039,validation
6020,validation
20274,validation
3714,validation
19415,validation
16067,validation
16545,validation
16945,validation
25624,validation
4647,validation
6831,validation
12386,validation
17013,validation
25555,validation
14620,validation
4111,validation
10425,validation
6824,validation
8119,validation
24562,validation
1101,validation
20650,validation
29473,validation
25276,validation
8517,validation
11383,validation
27078,validation
6548,validation
22914,validation
4338,validation
7450,validation
19337,validation
23736,validation
13220,validation
7411,validation
10465,validation
23335,validation
12635,validation
20578,validation
12340,validation
24673,validation
29404,validation
29339,validation
11416,validation
7796,validation
19270,validation
22689,validation
15552,validation
8001,validation
13379,validation
9514,validation
7934,validation
23242,validation
24231,validation
20233,validation
5935,validation
19495,validation
21416,validation
25250,validation
1651,validation
4829,validation
6957,validation
509,validation
15406,validation
17568,validation
10261,validation
9782,validation
8020,test
10929,test
26465,test
23196,test
12499,test
16425,test
9611,test
6959,test
530,test
14820,test
23811,test
12100,test
4945,test
21465,test
3709,test
11650,test
3637,test
16617,test
2952,test
27338,test
4013,test
28700,test
2019,test
27052,test
24019,test
6893,test
4585,test
22087,test
8962,test
28921,test
4528,test
22700,test
8575,test
3359,test
17554,test
22234,test
13527,test
23637,test
6195,test
25654,test
24486,test
22259,test
16492,test
17879,test
3262,test
2822,test
12978,test
20769,test
25805,test
12366,test
16814,test
15253,test
10340,test
9748,test
23942,test
5775,test
11190,test
16111,test
6654,test
9467,test
3420,test
8106,test
17545,test
27921,test
2100,test
23042,test
17542,test
18793,test
5695,test
2711,test
17288,test
26425,test
2849,test
16156,test
3937,test
9577,test
28908,test
12399,test
20873,test
13736,test
1732,test
27660,test
15995,test
19005,test
3511,test
65,test
28667,train
8422,train
23588,train
14992,train
1025,train
14686,train
13061,train
15666,train
3347,train
7932,train
9787,train
20583,train
21926,train
10220,train
8875,train
25715,train
1519,train
3552,train
4117,train
13750,train
17617,train
24826,train
1368,train
12375,train
29072,train
14039,train
13579,train
60,train
4374,train
9842,train
365,train
26061,train
10505,train
28156,train
20752,train
526,train
10690,train
930,train
28926,train
261,train
16880,train
6353,train
27298,train
9792,train
18568,train
5648,train
28306,train
22673,train
24985,train
10827,train
13535,train
28586,train
1995,train
27853,train
17676,train
9322,train
10415,train
5471,train
11620,train
6106,train
18848,train
15032,train
27781,train
4253,train
2101,train
19387,train
11026,train
17602,train
8414,train
18284,train
14209,train
12279,train
4390,train
8399,train
5377,train
18801,train
22344,train
9369,train
16574,train
20652,train
15585,train
14272,train
22179,train
4826,train
16354,train
28357,train
6790,train
26088,train
23493,train
23051,train
25329,train
23246,train
13721,train
26991,train
8198,train
17752,train
18974,train
22731,train
7929,train
2677,train
7916,train
721,train
2888,train
15403,train
14196,train
13867,train
13952,train
25330,train
7164,train
19588,train
20265,train
14858,train
11875,train
14772,train
13124,train
25241,train
102,train
21018,train
13183,train
17819,train
17523,train
5191,train
15605,train
9128,train
8104,train
2443,train
1100,train
28736,train
5692,train
27850,train
26414,train
2200,train
11036,train
4442,train
21132,train
25473,train
23403,train
27142,train
1832,train
15886,train
19815,train
12913,train
2337,train
21609,train
25416,train
14849,train
1388,train
26116,train
6092,train
12867,train
23947,train
6394,train
29159,train
20707,train
584,train
16929,train
5675,train
29245,train
11609,train
28528,train
22585,train
24626,train
21404,train
27002,train
1889,train
24731,train
16512,train
23824,train
15687,train
19278,train
8941,train
7562,train
7340,train
7466,train
14105,train
1394,train
11201,train
3792,train
3153,train
11779,train
8646,train
1992,train
10473,train
13967,train
25135,train
23836,train
5188,train
7665,train
14168,train
22232,train
638,train
22695,train
27232,train
5124,train
8650,train
26689,train
3993,train
17660,train
10564,train
13670,train
12873,train
11439,train
26246,train
4891,train
15340,train
6624,train
10928,train
23787,train
3363,train
1661,train
10914,train
27652,train
19809,train
17313,train
8558,train
13009,train
19259,train
20724,train
13510,train
2410,train
4702,train
818,train
23105,train
18469,train
9092,train
7148,train
24837,train
229,train
4382,train
9901,train
4511,train
2241,train
13089,train
15134,train
26470,train
23139,train
6715,train
18895,train
11108,train
4312,train
8364,train
6740,train
25740,train
18286,train
1777,train
18075,train
27941,train
7032,train
16026,train
29627,train
26917,train
12207,train
13737,train
10550,train
14457,train
19656,train
7410,train
15191,train
12996,train
6236,train
12826,train
15291,train
11062,train
9019,train
20097,train
5566,train
25792,train
27034,train
19314,train
27361,train
20552,train
26346,train
781,train
2331,train
3800,train
23443,train
20454,train
9482,train
3319,train
21934,train
17984,train
10159,train
26791,train
8713,train
12708,train
24407,train
22496,train
23614,train
21391,train
10540,train
14578,train
11071,train
12932,train
17578,train
9295,train
22637,train
25527,train
20617,train
24352,train
29586,train
15041,train
16465,train
7893,train
18727,train
23459,train
26462,train
10895,train
8918,train
5065,train
26418,train
14499,train
11570,train
8285,train
25117,train
6577,train
2066,train
135,train
11215,train
3190,train
7802,train
12974,train
14482,train
5881,train
5783,train
9977,train
27106,train
19378,train
28355,train
5210,train
5539,train
19149,train
3863,train
13312,train
25950,train
21115,train
25912,train
23758,train
29648,train
12743,train
29524,train
8039,train
20341,train
24534,train
18218,train
20102,train
3834,train
26616,train
18126,train
23305,train
17331,train
22455,train
26487,train
27397,train
9091,train
3391,train
9437,train
21925,train
4520,train
13827,train
2311,train
15290,train
12057,train
7075,train
29057,train
2559,train
14232,train
14251,train
13405,train
2910,train
15103,train
3046,train
26302,train
16638,train
12844,train
24517,train
648,train
3023,train
8881,train
11103,train
7928,train
10359,train
2163,train
8643,train
28600,train
15427,train
9692,train
15852,train
2450,train
11880,train
11093,train
8948,train
13140,train
11173,train
4514,train
27427,train
29620,train
28967,train
12213,train
11185,train
17875,train
14290,train
11515,train
28429,train
11725,train
4240,train
19237,train
1893,train
1302,train
29364,train
24134,train
6974,train
8922,train
1600,train
8381,train
871,train
23595,train
14327,train
18532,train
8515,train
13414,train
22002,train
28905,train
14589,train
20019,train
4649,train
3011,train
12151,train
11053,train
23901,train
12053,train
20465,train
13973,train
607,train
9221,train
24103,train
14304,train
13797,train
17316,train
21612,train
9357,train
9487,train
13932,train
2106,train
21056,train
17296,train
13845,train
3768,train
18907,train
7629,train
20646,train
16534,train
9111,train
12188,train
27822,train
16734,train
7134,train
9640,train
14954,train
21829,train
28118,train
6322,train
5285,train
6717,train
19927,train
1315,train
21683,train
8253,train
28059,train
1547,train
2297,train
23537,train
5063,train
20946,train
14604,train
8432,train
12753,train
20178,train
19047,train
2292,train
4499,train
26814,train
3807,train
10298,train
13253,train
21420,train
27120,train
1694,train
13095,train
18035,train
15738,train
28699,train
26453,train
5644,train
13427,train
6305,train
13437,train
7776,train
27133,train
27240,train
6294,train
29012,train
13045,train
270,train
22777,train
17536,train
16399,train
22197,train
28649,train
5861,train
20575,train
23106,train
2168,train
20991,train
27172,train
25207,train
18699,train
1372,train
8204,train
4205,train
3060,train
10264,train
19768,train
29127,train
9905,train
6767,train
20540,train
21183,train
27823,train
7289,train
23624,train
15507,train
8385,train
29314,train
19023,train
22864,train
27730,train
20571,train
12518,train
11172,train
15719,train
20663,train
7252,train
7322,train
19689,train
7876,train
345,train
16281,train
405,train
21175,train
15159,train
24847,train
29549,train
8457,train
21849,train
3975,train
9336,train
4930,train
25571,train
27221,train
22959,train
12148,train
2489,train
26395,train
9,train
25844,train
23845,train
28627,train
22030,train
20311,train
4113,train
4588,train
25520,train
12234,train
12296,train
22105,train
22928,train
1843,train
11365,train
8944,train
23882,train
11626,train
3685,train
4466,train
53,train
18754,train
29155,train
9478,train
21508,train
11807,train
5755,train
4207,train
20510,train
11601,train
4293,train
13495,train
11260,train
28595,train
22727,train
11470,train
17121,train
11479,train
13498,train
21319,train
19187,train
16567,train
27876,train
12651,train
21737,train
18302,train
26262,train
22487,train
22204,train
16804,train
17690,train
14153,train
5798,train
16524,train
19818,train
23237,train
5501,train
22488,train
9222,train
16211,train
18444,train
27000,train
9635,train
80,train
21929,train
11109,train
9629,train
3126,train
3808,train
11802,train
25895,train
1518,train
28337,train
2523,train
25897,train
18592,train
11151,train
21816,train
17526,train
2131,train
24865,train
19513,train
16606,train
11046,train
9595,train
18800,train
7848,train
1116,train
5498,train
5642,train
25091,train
23115,train
20237,train
19595,train
6674,train
20554,train
5547,train
14538,train
1019,train
6216,train
2995,train
26314,train
1739,train
24687,train
14780,train
24935,train
8108,train
25334,train
20165,train
14704,train
19627,train
27105,train
8084,train
28414,train
2527,train
552,train
22127,train
2714,train
16023,train
7598,train
27802,train
17271,train
16119,train
27592,train
19923,train
24216,train
26329,train
25244,train
21093,train
8982,train
7532,train
8939,train
3423,train
7502,train
18467,train
28192,train
29449,train
15014,train
12750,train
2487,train
25909,train
23639,train
26120,train
24761,train
1978,train
26669,train
11116,train
22471,train
7891,train
11934,train
15278,train
18640,train
10181,train
25690,train
7685,train
4574,train
2341,train
23884,train
10965,train
7953,train
19878,train
9464,train
12172,train
297,train
5608,train
18973,train
10883,train
2415,train
29282,train
24195,train
12868,train
25174,train
14083,train
1933,train
2480,train
1329,train
16648,train
13231,train
29502,train
7651,train
9214,train
29097,train
14189,train
17064,train
7211,train
5305,train
23265,train
11164,train
12228,train
3020,train
2680,train
21041,train
8551,train
27684,train
4321,train
26000,train
597,train
2572,train
20,train
21260,train
20795,train
3092,train
22356,train
25001,train
27807,train
4567,train
7539,train
22225,train
24384,train
22000,train
22371,train
18898,train
12528,train
16008,train
28070,train
2463,train
15743,train
20220,train
28828,train
2071,train
14913,train
26779,train
27163,train
18481,train
12830,train
6292,train
27145,train
5863,train
24292,train
7743,train
19992,train
29625,train
22545,train
4843,train
16994,train
21383,train
26497,train
2769,train
5513,train
867,train
28312,train
12544,train
7050,train
17646,train
10770,train
10853,train
16090,train
26982,train
17662,train
7403,train
27199,train
18817,train
1937,train
10683,train
25920,train
27177,train
23234,train
9749,train
21476,train
27735,train
3534,train
1045,train
25972,train
26161,train
24058,train
5948,train
8045,train
10799,train
16908,train
17933,train
22200,train
29506,train
23226,train
12587,train
14712,train
21918,train
24351,train
24038,train
23795,train
27939,train
23556,train
26379,train
9142,train
11993,train
17977,train
20360,train
10531,train
17374,train
19322,train
28136,train
12943,train
28072,train
21101,train
29561,train
27352,train
25500,train
5818,train
22859,train
19817,train
11736,train
9526,train
3469,train
21696,train
28300,train
25485,train
27099,train
5842,train
10348,train
26070,train
4887,train
29079,train
28052,train
5388,train
2721,train
5828,train
26825,train
407,train
21069,train
5079,train
19061,train
2698,train
25075,train
5115,train
7290,train
21285,train
16815,train
3379,train
4173,train
18934,train
7107,train
12881,train
23068,train
4976,train
16651,train
14593,train
8571,train
23818,train
13150,train
5569,train
28327,train
13076,train
28239,train
1175,train
27235,train
26705,train
11780,train
24165,train
22992,train
5771,train
25952,train
22960,train
7118,train
3780,train
8134,train
963,train
6496,train
2763,train
7132,train
10529,train
570,train
12290,train
13877,train
3273,train
17741,train
23005,train
20163,train
6639,train
2629,train
9870,train
7244,train
17324,train
23338,train
29534,train
3483,train
13754,train
20401,train
18865,train
15371,train
24841,train
7645,train
8877,train
19775,train
27977,train
12487,train
9231,train
26536,train
17552,train
10070,train
28960,train
14250,train
22420,train
28532,train
5324,train
14721,train
19417,train
9844,train
595,train
16264,train
1002,train
6025,train
28950,train
17272,train
25003,train
24575,train
4709,train
27528,train
14123,train
11810,train
2364,train
1192,train
23325,train
817,train
2470,train
21539,train
12795,train
16509,train
7098,train
22867,train
5021,train
11223,train
28841,train
15941,train
9263,train
19009,train
10936,train
2283,train
15942,train
6011,train
8708,train
17410,train
21791,train
28861,train
10600,train
26420,train
23960,train
18746,train
18077,train
24146,train
25986,train
12562,train
19738,train
11254,train
21446,train
1772,train
27222,train
13232,train
14047,train
23822,train
24160,train
1492,train
3504,train
23937,train
20718,train
5223,train
21064,train
21460,train
3396,train
17251,train
6174,train
679,train
16554,train
46,train
27591,train
10569,train
28591,train
22614,train
9071,train
25192,train
28961,train
20801,train
5497,train
23949,train
1601,train
21768,train
8640,train
9771,train
10517,train
20596,train
21011,train
25013,train
2764,train
6910,train
23680,train
19408,train
20149,train
11120,train
1663,train
18453,train
15688,train
15020,train
20519,train
19618,train
15264,train
7436,train
4229,train
2478,train
10313,train
16878,train
14462,train
7795,train
9412,train
21122,train
14503,train
6146,train
18654,train
11702,train
11794,train
22602,train
5550,train
4128,train
7126,train
3165,train
14781,train
29146,train
17959,train
746,train
15282,train
1316,train
4951,train
7949,train
15855,train
27513,train
20425,train
14621,train
6534,train
21397,train
28445,train
8141,train
26839,train
19563,train
10160,train
2564,train
15027,train
21924,train
26400,train
28122,train
29031,train
14639,train
5938,train
24187,train
15861,train
13389,train
21742,train
6060,train
4153,train
15630,train
2539,train
8837,train
27131,train
1452,train
20331,train
24130,train
20666,train
9801,train
23420,train
7086,train
8275,train
23412,train
7178,train
10673,train
26387,train
23957,train
6350,train
18844,train
1411,train
20049,train
4401,train
22255,train
22885,train
4545,train
20734,train
4040,train
2944,train
6913,train
19206,train
18420,train
16583,train
15332,train
7635,train
13154,train
12992,train
8332,train
19546,train
10167,train
28044,train
19348,train
13170,train
2225,train
16241,train
23682,train
15978,train
15721,train
11733,train
7992,train
13685,train
25777,train
21422,train
26152,train
5145,train
25565,train
15957,train
3647,train
4023,train
28617,train
8870,train
11560,train
10710,train
28043,train
25252,train
28361,train
459,train
26594,train
6748,train
27520,train
17466,train
5098,train
21752,train
2319,train
11348,train
7228,train
29094,train
10848,train
27987,train
15060,train
2524,train
21840,train
4788,train
28522,train
10363,train
14225,train
1140,train
1400,train
3958,train
7015,train
16365,train
18054,train
10576,train
391,train
25351,train
217,train
26715,train
3815,train
18529,train
13108,train
16752,train
9671,train
10603,train
5343,train
23784,train
7850,train
13974,train
2926,train
21965,train
2301,train
6191,train
5178,train
27874,train
4099,train
12461,train
28027,train
13514,train
16017,train
12275,train
27405,train
11630,train
22948,train
1249,train
24561,train
11745,train
4483,train
1238,train
3576,train
20703,train
28457,train
6207,train
12725,train
22249,train
6448,train
248,train
2903,train
5171,train
5691,train
18875,train
26572,train
23873,train
2116,train
23557,train
6312,train
8909,train
24944,train
18384,train
28832,train
21585,train
11865,train
22274,train
17995,train
6753,train
15401,train
13682,train
26724,train
1725,train
19441,train
29119,train
23137,train
5369,train
21197,train
16552,train
24068,train
28939,train
18949,train
28103,train
16391,train
12338,train
16593,train
11438,train
13367,train
923,train
73,train
19974,train
1034,train
7233,train
18492,train
6217,train
15697,train
17699,train
903,train
16072,train
29547,train
13997,train
674,train
3527,train
25205,train
29402,train
7170,train
12111,train
17540,train
11695,train
1387,train
2819,train
25217,train
28613,train
23741,train
19443,train
18932,train
1798,train
21331,train
316,train
24989,train
2705,train
4487,train
24846,train
2409,train
7144,train
3944,train
9064,train
1447,train
1279,train
12801,train
7883,train
25775,train
19151,train
29431,train
2026,train
4078,train
15866,train
18841,train
25319,train
14468,train
20269,train
27165,train
23157,train
29504,train
29624,train
16343,train
11786,train
7556,train
28191,train
26308,train
17367,train
17144,train
2757,train
23254,train
6675,train
15483,train
8274,train
1861,train
1370,train
16170,train
18177,train
11858,train
18812,train
8031,train
3532,train
1244,train
24889,train
17725,train
10472,train
4417,train
2633,train
3911,train
14446,train
6293,train
16279,train
27229,train
3026,train
12259,train
22424,train
7488,train
16025,train
23361,train
13093,train
27799,train
6750,train
22202,train
10177,train
11627,train
4806,train
17618,train
19636,train
23391,train
20373,train
17839,train
21948,train
21582,train
7561,train
7536,train
20739,train
19966,train
11914,train
18679,train
20581,train
10010,train
25221,train
1230,train
7246,train
2436,train
120,train
21344,train
20887,train
7519,train
11448,train
27596,train
13411,train
21051,train
23774,train
27897,train
27683,train
2674,train
28541,train
11096,train
23066,train
4981,train
11764,train
17286,train
3375,train
6196,train
26542,train
7800,train
24261,train
8830,train
2264,train
26890,train
25392,train
12006,train
15926,train
25865,train
21117,train
152,train
28925,train
5839,train
15114,train
7428,train
1312,train
8546,train
11011,train
22668,train
15920,train
3372,train
24677,train
17517,train
26374,train
17983,train
3066,train
22287,train
28480,train
15224,train
11536,train
12142,train
2960,train
9123,train
12886,train
24566,train
24746,train
1668,train
4913,train
24192,train
7348,train
9386,train
25110,train
1920,train
7742,train
3076,train
6158,train
8771,train
21190,train
12020,train
3360,train
25068,train
6229,train
27169,train
20218,train
9992,train
18142,train
26323,train
5284,train
23701,train
12303,train
17651,train
29551,train
17159,train
24356,train
27327,train
13292,train
8838,train
22440,train
20869,train
11469,train
17863,train
6835,train
3734,train
19298,train
5657,train
23467,train
8123,train
140,train
29322,train
2259,train
9509,train
2365,train
5930,train
17409,train
9246,train
7336,train
23047,train
12575,train
6794,train
11673,train
7017,train
3075,train
23907,train
16996,train
17627,train
7540,train
28135,train
24295,train
9115,train
20711,train
18360,train
13087,train
7718,train
3411,train
20698,train
3773,train
12981,train
6342,train
2483,train
13172,train
29338,train
26610,train
207,train
19893,train
9585,train
6575,train
28998,train
21372,train
4513,train
22046,train
17626,train
4225,train
8923,train
14613,train
17548,train
22001,train
2362,train
10002,train
17565,train
24599,train
4433,train
28326,train
12623,train
21085,train
22798,train
16575,train
28394,train
3224,train
16369,train
17253,train
21081,train
741,train
14452,train
28261,train
14036,train
1747,train
21174,train
4457,train
1391,train
10748,train
17901,train
20064,train
17887,train
15971,train
24327,train
22513,train
1369,train
27599,train
19050,train
22043,train
7179,train
17800,train
494,train
6093,train
4416,train
21229,train
29004,train
25820,train
6663,train
21351,train
21054,train
7347,train
29241,train
17993,train
10347,train
24695,train
7602,train
23275,train
26800,train
17524,train
26948,train
25907,train
26642,train
4763,train
26927,train
12780,train
27773,train
1487,train
9084,train
17338,train
13627,train
2624,train
9427,train
16194,train
19543,train
4919,train
3557,train
6316,train
27308,train
27826,train
18076,train
14743,train
3387,train
21280,train
23432,train
15316,train
13692,train
10587,train
27264,train
22816,train
4337,train
7707,train
8051,train
17460,train
7865,train
13989,train
8563,train
5906,train
11900,train
5148,train
2973,train
19026,train
22352,train
8116,train
13984,train
20032,train
23247,train
10795,train
18306,train
6182,train
26512,train
2802,train
1232,train
10205,train
11065,train
17757,train
7669,train
13301,train
1421,train
24520,train
3401,train
7939,train
20941,train
8334,train
25106,train
27783,train
13488,train
20636,train
22141,train
16430,train
5225,train
2482,train
19716,train
4740,train
8797,train
21484,train
29199,train
27957,train
23340,train
25364,train
26676,train
10572,train
19765,train
25321,train
5102,train
22397,train
14946,train
5958,train
16757,train
22355,train
27796,train
13454,train
17307,train
2452,train
2091,train
16969,train
11877,train
7089,train
10388,train
13518,train
8579,train
2851,train
11033,train
5883,train
13704,train
5847,train
3916,train
20727,train
21960,train
3412,train
27918,train
24964,train
15899,train
25580,train
5986,train
15417,train
29219,train
22253,train
24745,train
15782,train
29618,train
2932,train
394,train
28866,train
18978,train
17754,train
9143,train
16780,train
23010,train
12049,train
4231,train
28929,train
2908,train
4530,train
3252,train
29455,train
585,train
16834,train
5727,train
29396,train
9680,train
24047,train
19330,train
7169,train
4666,train
2434,train
2039,train
18854,train
592,train
15335,train
20374,train
141,train
18459,train
100,train
23444,train
26770,train
25769,train
21872,train
5939,train
12511,train
13686,train
29148,train
18475,train
13012,train
12397,train
27236,train
3897,train
3449,train
15885,train
27559,train
18213,train
27952,train
3683,train
25622,train
63,train
3575,train
8083,train
26383,train
22434,train
7421,train
1857,train
29571,train
20632,train
21324,train
4841,train
10255,train
5350,train
24974,train
29647,train
22932,train
25898,train
11574,train
27150,train
18085,train
11563,train
27703,train
7754,train
21913,train
22647,train
5465,train
1288,train
23754,train
3308,train
10637,train
3282,train
28127,train
5488,train
25667,train
18863,train
14610,train
15989,train
19132,train
18975,train
24449,train
21157,train
24878,train
2461,train
29316,train
23679,train
21448,train
8464,train
23753,train
5841,train
20676,train
5475,train
20415,train
4973,train
21328,train
2471,train
2465,train
21995,train
8890,train
20685,train
9648,train
5001,train
5703,train
12803,train
10875,train
27162,train
26599,train
9665,train
5002,train
17017,train
1146,train
845,train
16629,train
2349,train
3956,train
28625,train
7239,train
27109,train
12164,train
7843,train
17665,train
5674,train
4147,train
8354,train
27204,train
2229,train
9441,train
21682,train
3154,train
16456,train
24375,train
9835,train
26078,train
23849,train
26172,train
212,train
1841,train
1900,train
29310,train
9736,train
28982,train
27770,train
23860,train
539,train
28823,train
19073,train
10868,train
24269,train
1820,train
16324,train
23193,train
24717,train
28614,train
24716,train
21522,train
27129,train
21167,train
20042,train
10389,train
11022,train
13351,train
9922,train
24357,train
21976,train
20966,train
12784,train
10270,train
1720,train
6444,train
22016,train
25377,train
29552,train
18251,train
20522,train
19325,train
11263,train
27198,train
29016,train
23544,train
16494,train
10144,train
4863,train
26612,train
17441,train
13606,train
29035,train
17577,train
2258,train
25163,train
19527,train
21600,train
23683,train
15201,train
5048,train
5956,train
646,train
15753,train
1168,train
1514,train
2198,train
9568,train
7265,train
16559,train
20091,train
18642,train
7150,train
23617,train
27667,train
13145,train
1340,train
16230,train
3868,train
13443,train
8476,train
5330,train
13971,train
26217,train
22461,train
5444,train
3896,train
7698,train
1896,train
23831,train
22201,train
14278,train
20969,train
16066,train
28901,train
13504,train
9817,train
483,train
19612,train
7064,train
7823,train
25140,train
1726,train
10414,train
24065,train
1196,train
5000,train
5260,train
25716,train
3235,train
18250,train
15772,train
1363,train
16504,train
6912,train
11545,train
26479,train
12471,train
524,train
20507,train
9428,train
19646,train
23857,train
17956,train
28593,train
6252,train
74,train
5069,train
25088,train
25064,train
6843,train
15778,train
4481,train
901,train
3712,train
20742,train
15064,train
21980,train
12874,train
20230,train
5743,train
19905,train
7630,train
8465,train
18951,train
2126,train
17218,train
29197,train
14354,train
7066,train
17838,train
21557,train
14508,train
29454,train
10858,train
21954,train
11205,train
18779,train
6981,train
24742,train
19407,train
7417,train
29389,train
9277,train
11363,train
4108,train
10192,train
8734,train
29192,train
11581,train
21955,train
17113,train
417,train
18968,train
14438,train
3136,train
4422,train
13257,train
27254,train
29169,train
15021,train
7437,train
20110,train
4124,train
2284,train
28671,train
2286,train
5606,train
6178,train
5451,train
17010,train
18051,train
18933,train
21042,train
13426,train
6272,train
235,train
6795,train
24260,train
9296,train
1346,train
26235,train
21332,train
7647,train
7185,train
28993,train
2984,train
6094,train
11958,train
9310,train
26899,train
7223,train
359,train
15183,train
6151,train
12522,train
22514,train
4067,train
294,train
5654,train
13113,train
11971,train
29049,train
11785,train
4003,train
23975,train
1191,train
2566,train
26444,train
13329,train
25933,train
14018,train
25549,train
360,train
133,train
23064,train
19218,train
4320,train
22162,train
10956,train
15806,train
6861,train
26738,train
10725,train
8002,train
8976,train
15554,train
8516,train
11449,train
19548,train
20316,train
6865,train
14695,train
9248,train
4495,train
20871,train
18969,train
18521,train
9951,train
2394,train
5158,train
24506,train
9312,train
17569,train
6966,train
11760,train
12894,train
8155,train
27780,train
16588,train
2114,train
38,train
5341,train
9550,train
18162,train
52,train
20998,train
15480,train
26456,train
18803,train
18575,train
12664,train
20000,train
27182,train
26756,train
22832,train
15235,train
13809,train
10089,train
4084,train
24702,train
3339,train
8867,train
18849,train
25726,train
13818,train
23579,train
16676,train
28422,train
26830,train
22644,train
10575,train
21741,train
26220,train
3793,train
13068,train
24431,train
23789,train
23837,train
26216,train
26310,train
6549,train
1850,train
19437,train
12778,train
21130,train
10838,train
14011,train
4542,train
10616,train
3244,train
27946,train
20061,train
2076,train
1077,train
5777,train
26958,train
2089,train
5382,train
13816,train
10179,train
20913,train
24214,train
26200,train
5802,train
4589,train
9403,train
5354,train
20927,train
3786,train
3018,train
8419,train
25010,train
24198,train
18109,train
920,train
20751,train
23722,train
14884,train
11350,train
20259,train
26018,train
23986,train
20634,train
28723,train
26490,train
2825,train
15165,train
20811,train
6698,train
9072,train
23513,train
5717,train
18287,train
3921,train
27535,train
17343,train
28857,train
24962,train
26740,train
29452,train
18775,train
19950,train
2845,train
21827,train
10274,train
947,train
5295,train
2954,train
9152,train
15110,train
1653,train
20334,train
27491,train
13409,train
7620,train
13131,train
13885,train
23289,train
10861,train
4815,train
15365,train
22426,train
28341,train
27682,train
4460,train
4296,train
29305,train
25380,train
26239,train
15490,train
10311,train
22131,train
14170,train
1613,train
2330,train
28655,train
27545,train
3968,train
70,train
16822,train
5803,train
7063,train
9371,train
10135,train
29419,train
20730,train
4537,train
4549,train
20257,train
26905,train
9747,train
10052,train
12726,train
28418,train
12552,train
3864,train
4921,train
17967,train
1412,train
9579,train
12492,train
3931,train
3591,train
24911,train
3880,train
28928,train
19728,train
5055,train
1234,train
21621,train
15653,train
6954,train
21354,train
18169,train
21776,train
23417,train
23840,train
16697,train
4120,train
17453,train
4638,train
25105,train
21431,train
23102,train
23973,train
14417,train
17231,train
24093,train
23404,train
17835,train
19363,train
13647,train
18066,train
12488,train
2594,train
20497,train
7019,train
16375,train
25661,train
22665,train
2185,train
3044,train
2733,train
28538,train
14469,train
4733,train
3199,train
15603,train
12124,train
6138,train
25677,train
10925,train
24528,train
28472,train
17840,train
12813,train
4497,train
19863,train
28732,train
9912,train
11727,train
7638,train
18388,train
19625,train
27147,train
11269,train
25879,train
24515,train
19829,train
26838,train
15348,train
4058,train
23490,train
4009,train
24531,train
17503,train
8473,train
12644,train
27279,train
3593,train
17437,train
14402,train
10056,train
7855,train
8463,train
27632,train
1091,train
898,train
5135,train
11364,train
17929,train
28448,train
19040,train
17591,train
22930,train
6997,train
9375,train
18723,train
17870,train
4104,train
29256,train
29609,train
18542,train
20608,train
26765,train
9993,train
6310,train
29608,train
11551,train
15090,train
18845,train
6678,train
15236,train
13687,train
4738,train
18090,train
9255,train
21898,train
11511,train
10447,train
10072,train
19109,train
27841,train
14242,train
9800,train
29257,train
2056,train
19947,train
4864,train
21789,train
13345,train
28707,train
14764,train
5249,train
13628,train
10497,train
11259,train
28436,train
2371,train
17751,train
362,train
4669,train
26214,train
29463,train
20956,train
27519,train
15774,train
13879,train
14031,train
25219,train
4456,train
7461,train
14333,train
18192,validation
4884,validation
27110,validation
29626,validation
14086,validation
12618,validation
8720,validation
2850,validation
5474,validation
17436,validation
9442,validation
22416,validation
16332,validation
7966,validation
216,validation
21837,validation
14988,validation
27954,validation
3986,validation
4452,validation
11145,validation
12203,validation
23230,validation
3257,validation
17208,validation
17454,validation
23850,validation
9649,validation
5060,validation
12144,validation
6692,validation
3867,validation
5332,validation
3417,validation
17489,validation
1485,validation
19506,validation
3356,validation
3430,validation
3640,validation
15724,validation
14921,validation
1805,validation
3392,validation
20935,validation
17686,validation
24027,validation
8785,validation
24581,validation
1689,validation
22606,validation
11352,validation
8439,validation
16748,validation
7293,validation
19454,validation
26753,validation
7413,validation
22536,validation
14629,validation
11241,validation
21679,validation
1226,validation
22555,validation
5568,validation
5092,validation
11916,validation
25927,validation
12014,validation
719,validation
1693,validation
29007,validation
27417,validation
24559,validation
10055,validation
17004,validation
14130,validation
3311,validation
16943,validation
26378,validation
28833,validation
6354,validation
5527,validation
4198,validation
16599,validation
2886,validation
9352,validation
6747,validation
5173,validation
16259,validation
12075,validation
14155,validation
28145,validation
9704,validation
23187,validation
16087,validation
28743,validation
24253,validation
20487,validation
7155,validation
17509,validation
7572,validation
14938,validation
11504,validation
16127,validation
6125,validation
25037,validation
5152,validation
808,validation
27062,validation
15339,validation
11592,validation
21519,validation
28792,validation
24169,validation
16287,validation
14161,validation
27404,validation
26831,validation
19097,validation
10526,validation
20002,validation
27399,validation
734,validation
18123,validation
2123,validation
7564,validation
16799,validation
21152,validation
28765,validation
22682,validation
16739,validation
13530,validation
28940,validation
27054,validation
9624,validation
19134,validation
20692,validation
20094,validation
17085,validation
14126,validation
14687,validation
21783,validation
3371,validation
26206,validation
11112,validation
1822,validation
13287,validation
19759,validation
9779,validation
6491,validation
7885,validation
20361,validation
15388,validation
28386,validation
16214,validation
16700,validation
15204,validation
4914,validation
5323,validation
22291,validation
840,validation
27060,validation
16337,validation
23834,validation
22917,validation
26196,validation
2873,validation
22187,validation
18636,validation
21614,validation
26480,validation
7870,validation
4664,validation
16562,validation
6801,validation
29407,validation
5947,validation
610,validation
26772,validation
6089,validation
556,validation
4377,validation
4069,validation
2915,validation
24684,validation
27057,validation
12109,validation
28756,validation
21380,validation
29320,validation
16751,validation
20844,validation
13727,validation
15815,validation
16421,validation
5484,validation
548,validation
3828,validation
13401,validation
23642,validation
713,validation
18446,validation
27349,validation
3445,validation
8471,validation
20931,validation
2623,validation
5857,validation
6868,validation
5927,validation
11401,validation
8683,validation
21562,validation
15396,validation
15629,validation
20456,validation
25730,validation
9862,validation
14132,validation
2778,validation
1648,validation
26205,validation
5790,validation
5714,validation
15907,validation
3779,validation
636,validation
17399,validation
2729,validation
23768,validation
8357,validation
11876,validation
8312,validation
22710,validation
15966,validation
3084,validation
25985,validation
14458,validation
17575,validation
3493,validation
22924,validation
28677,validation
29295,validation
18997,validation
1709,validation
19736,validation
9795,validation
14574,validation
17976,validation
8103,validation
22796,validation
24147,validation
23954,validation
9939,validation
16453,validation
2651,validation
14908,validation
24224,validation
9621,validation
26848,validation
18050,validation
24804,validation
21758,validation
18078,validation
17062,validation
4988,validation
22341,validation
7300,validation
15935,validation
11431,validation
17636,validation
1413,validation
3050,validation
14477,validation
21785,validation
14768,validation
5888,validation
21211,validation
12438,validation
25971,validation
26192,validation
28735,validation
20781,validation
19533,validation
8833,validation
16386,validation
13146,validation
15214,validation
16859,validation
6371,validation
17620,validation
25442,validation
3140,validation
22939,validation
12017,validation
4232,validation
20910,validation
10321,validation
14701,validation
16894,validation
9891,validation
3923,validation
4958,validation
22562,validation
25348,validation
9402,validation
13639,validation
26213,validation
5199,validation
6756,validation
25366,validation
2965,validation
23328,validation
7827,validation
5677,validation
8371,validation
13508,validation
3047,validation
12942,validation
25908,validation
18916,validation
2412,validation
1957,validation
10801,validation
24112,validation
22218,validation
1731,validation
6887,validation
4201,validation
19746,validation
10856,validation
15564,validation
21515,validation
22658,validation
1562,validation
11010,validation
178,validation
22706,validation
25650,validation
8869,validation
25744,validation
15601,validation
16528,validation
22738,validation
15837,validation
2715,validation
1108,validation
4949,validation
10818,validation
3437,validation
28694,validation
12671,validation
13378,validation
26218,validation
23486,validation
23503,validation
9379,validation
1026,validation
10962,validation
3081,validation
23362,validation
29424,validation
8014,validation
27697,validation
14137,validation
23803,validation
19781,validation
18061,validation
127,validation
20321,validation
24701,validation
20364,validation
22870,validation
19536,validation
27021,validation
17525,validation
5357,validation
27540,validation
9376,validation
6610,validation
3067,validation
11699,validation
4008,validation
4785,validation
3730,validation
16979,validation
15742,validation
16712,validation
19431,validation
11904,validation
15047,validation
1436,validation
17057,validation
3814,validation
14836,validation
16033,validation
5221,validation
25215,validation
16177,validation
1323,validation
5813,validation
7533,validation
26325,validation
4804,validation
5957,validation
1878,validation
15018,validation
21957,validation
26809,validation
19227,validation
4870,validation
16913,validation
10523,validation
5261,validation
14796,validation
10419,validation
17729,validation
8622,validation
21179,validation
28818,validation
9362,validation
14624,validation
12098,validation
9305,validation
27487,validation
4129,validation
1593,validation
26672,validation
3829,validation
28987,validation
4524,validation
27659,validation
18228,validation
26118,validation
2983,validation
4256,validation
16085,validation
11282,validation
16973,validation
17406,validation
28393,validation
8484,validation
5709,validation
26733,validation
1441,validation
19384,validation
4267,validation
12529,validation
23200,validation
13393,validation
10014,validation
12923,validation
21410,validation
17418,validation
8326,validation
148,validation
1652,validation
24501,validation
20732,validation
23191,validation
20972,validation
11815,validation
16201,validation
28468,validation
11101,validation
25847,validation
2082,validation
19296,validation
3125,validation
2466,validation
8394,validation
20722,validation
14415,validation
24376,validation
12999,validation
24651,validation
6939,validation
27155,validation
13471,validation
23842,validation
10816,validation
4315,validation
16099,validation
384,validation
2869,validation
15750,validation
22339,validation
23620,validation
20277,validation
12508,validation
8093,validation
15419,validation
21360,validation
26176,validation
25302,validation
9593,validation
1107,validation
4671,validation
13866,validation
5730,validation
14207,validation
5985,validation
23382,validation
9364,validation
7057,validation
20773,validation
6737,validation
14684,validation
4211,validation
12969,validation
25100,validation
9479,validation
8725,validation
6085,validation
6604,validation
25670,validation
25376,validation
3874,validation
17015,validation
23255,validation
15593,validation
14791,validation
18057,validation
24845,validation
566,test
3847,test
19669,test
5434,test
12414,test
25322,test
4824,test
8479,test
20789,test
14595,test
21366,test
13594,test
1773,test
5371,test
24114,test
8534,test
6324,test
27247,test
2964,test
7481,test
21638,test
21163,test
22323,test
19335,test
886,test
790,test
7311,test
28146,test
12805,test
13348,test
5785,test
12401,test
27600,test
2820,test
6332,test
9332,test
10918,test
20619,test
23702,test
5537,test
8497,test
4316,test
25517,test
16477,test
15462,test
10602,test
27208,test
23674,test
20637,test
4209,test
22379,test
24662,test
17724,test
8122,test
5068,test
3594,test
2742,test
19998,test
26846,test
10156,test
29503,test
27617,test
13589,test
92,test
4411,test
22137,test
15127,test
21779,test
5820,test
25845,test
22159,test
1856,test
1086,test
23894,test
27574,test
10899,test
25635,test
18930,test
25238,test
20863,test
14293,test
11768,test
2298,test
17455,test
8501,test
24000,test
29264,test
3307,test
28333,test
24810,test
11100,test
14015,test
25587,test
16206,test
28974,test
2692,test
9035,test
1276,test
13776,test
26929,test
10563,test
21814,test
14974,test
5136,test
6844,test
9856,test
7670,test
26694,test
9976,test
8377,test
13335,test
265,test
13153,test
29042,test
7695,test
18458,test
3962,test
23644,test
26407,test
24099,test
22014,test
10282,test
13060,test
19058,test
8306,test
7807,test
27700,test
28086,test
1930,test
22846,test
25682,test
1308,test
20967,test
22254,test
815,test
10263,test
12410,test
28959,test
27737,test
12178,test
4650,test
26987,test
8019,test
23559,test
16366,test
14427,test
18872,test
28165,test
3763,test
24059,test
12734,test
18408,test
29191,test
1968,test
20535,test
8347,test
13860,test
15013,test
9067,test
27901,test
5571,test
3459,test
4597,test
7123,test
14403,test
26776,test
25853,test
25978,test
13196,test
25590,test
20332,test
10986,test
27630,test
29537,test
20761,test
7756,test
26804,test
17125,test
8220,test
18053,test
20168,test
22919,test
17940,test
3927,test
17275,test
25481,test
19786,test
3694,test
7687,test
4504,test
25076,test
13441,test
2990,test
22694,test
23221,test
27972,test
13812,test
2244,test
9869,test
20824,test
10470,test
2813,test
1942,test
766,test
16736,test
25008,test
1486,test
22228,test
5621,test
18987,test
22717,test
9187,test
8459,test
1114,test
4413,test
8967,test
5111,test
29210,test
1353,test
22293,test
14339,test
14822,test
19390,test
16725,test
15946,test
10335,test
7972,test
1088,test
6108,test
4842,test
3776,test
7762,test
13752,test
7691,test
20805,test
23700,test
8396,test
5139,test
22284,test
9459,test
8766,test
13999,test
6608,test
21915,test
2261,test
10578,test
13964,test
14794,test
9926,test
26566,test
28885,test
25913,test
4847,test
7840,test
4783,test
15900,test
12221,test
6396,test
17958,test
2110,test
21640,test
25150,test
19635,test
14756,test
26690,test
21249,test
18370,test
21994,test
8813,test
16036,test
25789,test
22804,test
6968,test
17246,test
20024,test
5893,test
17721,test
24184,test
21693,test
724,test
5741,test
18918,test
26495,test
23207,test
15582,test
17679,test
21592,test
8203,test
13631,test
14053,test
6372,test
10445,test
18675,test
22879,test
14717,test
9925,test
29170,test
10001,test
22457,test
2555,test
27571,test
11607,test
6841,test
14537,test
16368,test
18272,test
19638,test
2325,test
8981,test
11212,test
20589,test
3087,test
20072,test
24813,test
3027,test
25810,test
21589,test
7395,test
13630,test
19894,test
9852,test
1706,test
8706,test
9475,test
6998,test
18474,test
2491,test
27227,test
21932,test
17136,test
6516,test
14810,test
12202,test
9916,test
21271,test
5327,test
11303,test
23045,test
26546,test
17350,test
17130,test
11191,test
6707,test
23323,test
23812,test
3279,test
16805,test
28012,test
3197,test
19841,test
10782,test
13204,test
19780,test
28761,test
10535,test
865,test
20493,test
16147,test
23921,test
782,test
8746,test
14325,test
17675,test
19726,test
14366,test
22704,test
15853,test
1367,test
10880,test
18621,test
755,test
5394,test
11238,test
3783,test
10099,test
2289,test
23743,test
2839,test
20614,test
10392,test
22346,test
7655,test
8066,test
7936,test
22811,test
1990,test
11754,test
13992,test
11920,test
11547,test
14587,test
3184,test
12911,test
11366,test
21599,test
26561,test
1054,test
20323,test
25788,test
29153,test
11638,test
12301,test
4150,test
1623,test
20566,test
1099,test
2132,test
10649,test
9385,test
26606,test
11781,test
23348,test
21333,test
12825,test
20574,test
17047,test
8576,test
13274,test
1965,test
17461,test
5022,test
19466,test
16373,test
16155,test
19825,test
18647,test
23667,test
19110,test
22787,test
16887,test
23311,test
19744,test
3574,test
29121,test
16762,test
13160,test
24730,test
10409,test
4344,test
14632,test
16923,test
5229,test
24286,test
10040,test
27044,test
22735,test
19280,test
5650,test
1236,test
1325,test
15799,test
15098,test
12792,test
10480,test
15399,test
13004,test
3881,test
14626,test
1221,test
26499,test
700,test
18896,test
18706,test
28056,test
11494,test
18783,test
8521,test
17421,test
16885,test
17173,test
22837,test
9714,test
6524,test
16012,test
27447,test
16964,test
26635,test
17847,test
26160,test
22809,test
2545,test
26402,test
3141,test
21538,test
21494,test
10034,test
4918,test
10904,test
23435,test
20938,test
12988,test
5706,test
1047,test
23405,test
17194,test
2339,test
28882,test
1875,test
25638,test
3261,test
1138,test
4369,test
21728,test
7554,test
17142,test
16851,test
8145,test
3966,test
3509,test
15627,test
26655,test
4743,test
9234,test
17590,test
16688,test
13694,test
20898,test
22997,test
16370,test
11889,test
13564,test
22223,test
27761,test
27267,test
26273,test
18923,train
24092,train
10808,train
2093,train
19101,train
22669,train
24521,train
4056,train
9041,train
14758,train
22039,train
22981,train
3481,train
19029,train
15091,train
3110,train
27765,train
7772,train
28237,train
20889,train
15613,train
5097,train
3843,train
13149,train
1945,train
393,train
302,train
9840,train
21733,train
20476,train
15118,train
21726,train
19740,train
29443,train
15595,train
9804,train
11312,train
23956,train
18671,train
26884,train
7197,train
16508,train
18021,train
15081,train
16827,train
14286,train
7255,train
15699,train
21772,train
14557,train
18068,train
25492,train
24891,train
25655,train
9086,train
14030,train
2919,train
11656,train
26628,train
9659,train
24337,train
21216,train
9850,train
12710,train
13758,train
5190,train
22883,train
19148,train
21831,train
18038,train
27241,train
5043,train
6268,train
17445,train
24997,train
3997,train
9928,train
27830,train
14736,train
1521,train
15022,train
22081,train
29344,train
18762,train
17667,train
21532,train
20239,train
24209,train
835,train
23554,train
29383,train
25742,train
14505,train
6498,train
14313,train
19313,train
1364,train
20573,train
4868,train
4134,train
19344,train
1348,train
15494,train
27777,train
28609,train
22115,train
26796,train
27317,train
9933,train
9931,train
2063,train
27875,train
27878,train
21262,train
10312,train
3806,train
20006,train
5082,train
18488,train
18999,train
14804,train
20423,train
1559,train
4010,train
4680,train
22857,train
27663,train
22477,train
28063,train
14413,train
20531,train
10368,train
2322,train
15112,train
15581,train
6317,train
887,train
18564,train
14910,train
26824,train
10955,train
19906,train
9784,train
27928,train
2906,train
27008,train
4957,train
4794,train
5424,train
28802,train
8441,train
2846,train
29248,train
26813,train
13148,train
7650,train
14543,train
18073,train
11,train
3453,train
18617,train
20428,train
23668,train
24494,train
12351,train
21234,train
28883,train
18242,train
8775,train
12822,train
28924,train
13641,train
21799,train
2477,train
21888,train
15769,train
2753,train
11946,train
22703,train
22580,train
13189,train
21551,train
4412,train
22818,train
8286,train
29323,train
17001,train
22267,train
19823,train
12556,train
7491,train
13499,train
12954,train
22194,train
20398,train
25048,train
26458,train
2377,train
10889,train
14259,train
1804,train
26807,train
25996,train
17497,train
10916,train
23925,train
14542,train
13258,train
7438,train
8552,train
5473,train
13529,train
7042,train
15910,train
11015,train
19255,train
6741,train
4505,train
19108,train
5836,train
8330,train
2309,train
17391,train
22351,train
26728,train
1233,train
19634,train
22980,train
12446,train
1442,train
20079,train
18497,train
14351,train
1716,train
9872,train
9274,train
28304,train
3471,train
8968,train
8901,train
20499,train
5524,train
25327,train
7141,train
3991,train
24330,train
27296,train
1090,train
22195,train
4873,train
20557,train
24797,train
28635,train
3675,train
753,train
11897,train
1981,train
19406,train
5347,train
15801,train
12056,train
26904,train
11866,train
785,train
28454,train
1882,train
16010,train
10560,train
3516,train
4717,train
3809,train
26645,train
3329,train
24792,train
6822,train
14483,train
10893,train
802,train
18555,train
24331,train
17344,train
22448,train
17392,train
18664,train
9476,train
26821,train
25335,train
9847,train
804,train
23573,train
19520,train
11170,train
19181,train
8352,train
9186,train
27031,train
25313,train
10071,train
17309,train
19693,train
18570,train
24056,train
15261,train
14027,train
9881,train
6152,train
25026,train
11437,train
18530,train
25031,train
23985,train
28424,train
7654,train
14867,train
12542,train
3934,train
16789,train
10231,train
23922,train
3309,train
27524,train
10984,train
13049,train
19997,train
19191,train
7419,train
27270,train
531,train
17105,train
967,train
13181,train
14279,train
4775,train
14592,train
15250,train
14008,train
25236,train
24650,train
25002,train
16460,train
17326,train
12070,train
27603,train
24970,train
20018,train
29633,train
17826,train
24332,train
20483,train
29355,train
6124,train
20688,train
28842,train
14690,train
8878,train
24782,train
3950,train
10196,train
12490,train
322,train
25841,train
19342,train
1410,train
24145,train
1176,train
14514,train
10605,train
11975,train
6242,train
21151,train
20511,train
19699,train
28880,train
18512,train
9299,train
6629,train
8955,train
19984,train
8048,train
23324,train
11375,train
15061,train
27679,train
14134,train
23146,train
6622,train
23086,train
10583,train
15359,train
2968,train
23578,train
22184,train
28321,train
16626,train
14752,train
24892,train
2821,train
26545,train
18292,train
23351,train
19277,train
11000,train
21062,train
6917,train
6424,train
21150,train
2670,train
27018,train
12146,train
29231,train
28273,train
6475,train
6916,train
22519,train
2380,train
2804,train
6254,train
8259,train
21040,train
985,train
13088,train
2980,train
2169,train
24499,train
16274,train
9689,train
11460,train
15113,train
4963,train
22439,train
23908,train
24863,train
23428,train
14981,train
8021,train
8451,train
24177,train
19416,train
17487,train
24149,train
18174,train
18269,train
5737,train
24057,train
1445,train
8170,train
1360,train
7789,train
17720,train
2143,train
191,train
1122,train
16076,train
4721,train
22568,train
14991,train
23770,train
3150,train
3421,train
2891,train
17614,train
563,train
18241,train
3633,train
13190,train
2352,train
2645,train
12030,train
28274,train
9410,train
25346,train
14642,train
1187,train
26241,train
14154,train
4189,train
13455,train
7210,train
24756,train
12831,train
88,train
28183,train
24046,train
15931,train
24471,train
4275,train
24206,train
12691,train
12940,train
25733,train
2351,train
27141,train
21780,train
24481,train
1528,train
2914,train
21525,train
14145,train
22740,train
25611,train
1581,train
5200,train
3310,train
26535,train
2020,train
4130,train
21246,train
10499,train
22712,train
22212,train
20774,train
21138,train
14269,train
11318,train
2553,train
2401,train
14640,train
19230,train
18380,train
24213,train
18619,train
451,train
19528,train
13052,train
13669,train
23322,train
20200,train
22679,train
14813,train
12335,train
4879,train
17759,train
19428,train
23016,train
8602,train
17287,train
2456,train
12953,train
11406,train
26266,train
27284,train
27243,train
16928,train
23974,train
4444,train
10386,train
24820,train
24967,train
17301,train
22135,train
1443,train
9287,train
3887,train
9824,train
14757,train
28943,train
22186,train
1035,train
21835,train
14389,train
1330,train
28440,train
14971,train
22951,train
11510,train
23992,train
22905,train
25395,train
17922,train
28676,train
15241,train
7045,train
8743,train
19027,train
8714,train
9888,train
7027,train
256,train
138,train
5909,train
27549,train
1028,train
11917,train
11602,train
22684,train
17198,train
9058,train
22990,train
1103,train
255,train
17997,train
4720,train
28316,train
5853,train
28514,train
29178,train
9662,train
3313,train
1833,train
12588,train
9414,train
17429,train
18466,train
3497,train
2636,train
7366,train
15987,train
22334,train
7534,train
2771,train
3909,train
20705,train
5335,train
4901,train
9273,train
19447,train
291,train
8082,train
10042,train
26874,train
7774,train
16645,train
2728,train
18430,train
19273,train
2475,train
28243,train
12614,train
14706,train
27568,train
27310,train
18670,train
27286,train
18015,train
25813,train
8780,train
14206,train
28050,train
20894,train
3592,train
2684,train
10792,train
2595,train
15069,train
8935,train
7970,train
18281,train
10065,train
19360,train
10951,train
15631,train
23870,train
29166,train
25998,train
3919,train
13802,train
16867,train
968,train
8858,train
25020,train
24817,train
10700,train
12023,train
10431,train
23373,train
14140,train
581,train
27774,train
19807,train
20036,train
6135,train
27503,train
24162,train
3399,train
12739,train
25452,train
10371,train
28032,train
17630,train
7786,train
11844,train
935,train
29234,train
14379,train
29268,train
22314,train
8133,train
22485,train
8863,train
19159,train
22889,train
21437,train
28236,train
19757,train
29328,train
16247,train
24251,train
5960,train
23160,train
19459,train
6826,train
25120,train
15992,train
6987,train
12564,train
8961,train
16317,train
2506,train
3062,train
21531,train
12184,train
882,train
12339,train
24796,train
2737,train
24612,train
6595,train
13289,train
26002,train
7546,train
48,train
15195,train
9520,train
6689,train
12798,train
13552,train
1913,train
5545,train
21542,train
22546,train
20281,train
24364,train
11973,train
10707,train
2597,train
26164,train
18967,train
27718,train
24790,train
5123,train
28741,train
23004,train
20354,train
21291,train
20182,train
14054,train
11909,train
17864,train
6486,train
6500,train
8761,train
5360,train
12154,train
7083,train
13923,train
5026,train
9876,train
9175,train
10188,train
17510,train
10185,train
18059,train
9154,train
4451,train
13073,train
21986,train
14725,train
17260,train
7782,train
17420,train
27916,train
14077,train
3617,train
16103,train
22675,train
19649,train
27811,train
18911,train
15618,train
24631,train
1263,train
1003,train
3645,train
825,train
24681,train
25625,train
18014,train
8456,train
12409,train
370,train
21114,train
7818,train
9423,train
25594,train
12851,train
13608,train
10775,train
14911,train
14816,train
12519,train
3394,train
2665,train
12062,train
24435,train
2052,train
22991,train
4075,train
26170,train
12636,train
8369,train
13599,train
5147,train
22239,train
8927,train
2303,train
10915,train
20279,train
6362,train
5578,train
14951,train
11818,train
13748,train
8466,train
24464,train
20642,train
17799,train
16989,train
6107,train
18067,train
1440,train
20875,train
4264,train
8578,train
23827,train
8076,train
16682,train
20750,train
19205,train
17241,train
27584,train
19469,train
11742,train
14600,train
25032,train
14784,train
873,train
18958,train
15606,train
25480,train
22659,train
24262,train
22817,train
15766,train
281,train
22140,train
13375,train
23657,train
16112,train
11942,train
14118,train
25234,train
3499,train
25304,train
1813,train
23069,train
19575,train
2963,train
4172,train
6892,train
20674,train
13612,train
2638,train
13339,train
25388,train
5204,train
20662,train
22933,train
684,train
16899,train
20720,train
6440,train
22037,train
3500,train
9780,train
9686,train
21421,train
8013,train
3465,train
28021,train
1851,train
22019,train
12478,train
5300,train
16673,train
1905,train
26721,train
4793,train
19320,train
28206,train
21356,train
25766,train
17740,train
25902,train
14795,train
22594,train
2798,train
26759,train
22912,train
2823,train
24219,train
29095,train
25976,train
20249,train
28790,train
13294,train
16484,train
10291,train
11047,train
26946,train
17165,train
5980,train
20214,train
4303,train
21648,train
7364,train
22769,train
114,train
772,train
20099,train
20240,train
14869,train
2234,train
21626,train
16350,train
21962,train
13424,train
14826,train
17400,train
7263,train
16061,train
7998,train
1433,train
22663,train
28749,train
8738,train
24816,train
23243,train
4169,train
5359,train
17775,train
16931,train
429,train
2770,train
6103,train
27086,train
22578,train
17563,train
5851,train
6819,train
23776,train
11636,train
19711,train
25542,train
19215,train
28360,train
28060,train
1840,train
21850,train
20595,train
19713,train
7906,train
26261,train
5507,train
18352,train
29631,train
6113,train
6130,train
10175,train
3551,train
21939,train
6818,train
21236,train
19834,train
21867,train
10333,train
19810,train
18559,train
9073,train
17830,train
20872,train
25559,train
15378,train
6850,train
5688,train
15176,train
14276,train
14866,train
24976,train
19118,train
24085,train
145,train
23536,train
17695,train
14067,train
18328,train
8993,train
9472,train
15639,train
17292,train
4059,train
1755,train
12994,train
26788,train
19717,train
14561,train
9838,train
20981,train
27884,train
10457,train
19039,train
3170,train
7407,train
3063,train
25386,train
22667,train
22094,train
5379,train
25882,train
16520,train
13576,train
3501,train
9617,train
14025,train
11380,train
13902,train
7628,train
21082,train
19140,train
27365,train
21092,train
24525,train
4627,train
12225,train
11102,train
20592,train
2706,train
26343,train
16611,train
29279,train
27167,train
21228,train
11820,train
26834,train
16257,train
10701,train
17053,train
12354,train
268,train
27961,train
2178,train
6156,train
19991,train
10087,train
11954,train
11131,train
26888,train
10877,train
16192,train
3996,train
16013,train
17364,train
28212,train
5603,train
28065,train
23183,train
13128,train
16184,train
21516,train
13130,train
24271,train
12200,train
1044,train
11319,train
29373,train
25929,train
29493,train
8719,train
12947,train
27305,train
172,train
10145,train
15109,train
15776,train
6729,train
18183,train
5172,train
16768,train
21000,train
8656,train
12882,train
22810,train
27499,train
7837,train
18484,train
18096,train
10634,train
28633,train
1041,train
24873,train
20577,train
8417,train
12128,train
21443,train
27610,train
4718,train
1159,train
2547,train
3844,train
25438,train
2671,train
15220,train
22093,train
20248,train
25735,train
20793,train
13976,train
2921,train
8477,train
2343,train
4764,train
20626,train
15004,train
9656,train
18225,train
1197,train
19075,train
10789,train
20558,train
1468,train
12852,train
7420,train
25226,train
7473,train
22401,train
23327,train
12824,train
11633,train
20905,train
12435,train
7095,train
9350,train
3980,train
6990,train
18350,train
17000,train
18468,train
11526,train
9638,train
29581,train
16239,train
28817,train
18447,train
24808,train
11621,train
11712,train
23090,train
22118,train
21946,train
22483,train
17687,train
21241,train
8794,train
4726,train
24447,train
13566,train
15225,train
23516,train
18152,train
26584,train
16151,train
21057,train
22390,train
28668,train
19881,train
15121,train
29118,train
14185,train
27622,train
19161,train
10464,train
1729,train
8677,train
12836,train
13382,train
12215,train
5402,train
12376,train
28893,train
17670,train
5725,train
6948,train
14829,train
23173,train
19741,train
25916,train
21142,train
21384,train
24294,train
5194,train
4031,train
6355,train
27624,train
23231,train
12648,train
13480,train
4544,train
10798,train
14245,train
28010,train
2883,train
5573,train
7351,train
8581,train
26778,train
15234,train
15040,train
1277,train
5505,train
14623,train
4285,train
11337,train
667,train
26025,train
19117,train
11088,train
12975,train
9625,train
19425,train
23015,train
9488,train
7279,train
28242,train
6219,train
3331,train
9534,train
23127,train
29461,train
17971,train
14271,train
23123,train
26198,train
8309,train
13679,train
25860,train
18572,train
25628,train
10547,train
11224,train
22198,train
21790,train
28240,train
7797,train
18880,train
1675,train
17939,train
27497,train
9775,train
10378,train
12428,train
2004,train
18516,train
3900,train
6823,train
5928,train
1504,train
29262,train
4259,train
28888,train
1351,train
12915,train
13543,train
16188,train
5252,train
6067,train
4677,train
26236,train
15435,train
27569,train
18257,train
18820,train
8659,train
25899,train
13071,train
9626,train
16082,train
27408,train
836,train
7798,train
22984,train
11280,train
29289,train
2230,train
25419,train
1986,train
28482,train
22357,train
20903,train
25798,train
25893,train
3627,train
17310,train
27076,train
13410,train
10691,train
23959,train
19458,train
13568,train
9620,train
15213,train
6193,train
24815,train
8740,train
9794,train
17527,train
17714,train
17867,train
28564,train
23997,train
4215,train
24073,train
18758,train
26503,train
26338,train
25573,train
20597,train
15912,train
10410,train
9695,train
23550,train
5452,train
11685,train
4101,train
1494,train
27258,train
9519,train
6846,train
15138,train
23613,train
14068,train
9313,train
6389,train
12972,train
8092,train
6428,train
4071,train
3009,train
2062,train
26532,train
20399,train
13788,train
1120,train
13870,train
16775,train
12024,train
21971,train
1814,train
14258,train
4212,train
19006,train
27174,train
8756,train
3700,train
26203,train
28745,train
13600,train
21349,train
615,train
24428,train
8685,train
19822,train
25872,train
18736,train
19143,train
147,train
5745,train
13109,train
15239,train
29104,train
27966,train
3226,train
17197,train
24062,train
13354,train
25597,train
20186,train
10546,train
7925,train
29211,train
29480,train
29202,train
6778,train
4373,train
18535,train
3059,train
3573,train
7722,train
9713,train
22265,train
25256,train
21523,train
136,train
8087,train
15445,train
14165,train
10608,train
8243,train
4845,train
12741,train
19233,train
17902,train
29366,train
15862,train
25260,train
3149,train
22238,train
6208,train
28691,train
1223,train
2140,train
23967,train
16467,train
9140,train
27425,train
5160,train
28996,train
965,train
14148,train
13654,train
7453,train
18952,train
24809,train
4037,train
4410,train
4510,train
511,train
17073,train
16681,train
28876,train
22510,train
11072,train
1256,train
28773,train
1438,train
15255,train
15131,train
2203,train
17220,train
26735,train
28084,train
9426,train
27837,train
18049,train
18355,train
26525,train
2328,train
18730,train
3253,train
738,train
3476,train
5460,train
1292,train
416,train
27740,train
14034,train
15215,train
1023,train
13505,train
25646,train
10331,train
16359,train
1936,train
20244,train
11478,train
7619,train
3531,train
16642,train
13330,train
14104,train
14878,train
21952,train
5396,train
3246,train
7072,train
22686,train
2269,train
17562,train
9108,train
4289,train
3211,train
2293,train
28526,train
24728,train
22499,train
19484,train
9446,train
12170,train
21851,train
4051,train
26801,train
4330,train
12050,train
5346,train
4572,train
3374,train
15875,train
6722,train
19623,train
12541,train
3269,train
15405,train
1563,train
21300,train
4539,train
25212,train
11400,train
4325,train
7174,train
12546,train
28718,train
10253,train
17982,train
8304,train
25689,train
14282,train
5208,train
10785,train
29596,train
1157,train
19848,train
26326,train
16960,train
783,train
14909,train
10062,train
19013,train
17305,train
19540,train
26221,train
17035,train
9358,train
12677,train
15446,train
26925,train
4389,train
5763,train
188,train
19481,train
5202,train
603,train
15793,train
27949,train
25331,train
10046,train
18687,train
24509,train
21864,train
24765,train
27674,train
28628,train
23853,train
17882,train
23217,train
22297,train
24367,train
7110,train
24077,train
11710,train
3587,train
18289,train
18259,train
13212,train
3178,train
1887,train
2171,train
7981,train
4507,train
8308,train
23430,train
27197,train
15386,train
7528,train
23059,train
18034,train
8277,train
25206,train
1450,train
254,train
9919,train
10800,train
5372,train
17722,train
2583,train
6873,train
11057,train
5543,train
13155,train
24630,train
20007,train
17861,train
905,train
27045,train
26954,train
13735,train
24827,train
25949,train
1549,train
1561,train
11258,train
14870,train
29487,train
3231,train
19212,train
7995,train
24094,train
25956,train
25695,train
27083,train
4403,train
13055,train
14584,train
12812,train
9381,train
11861,train
27629,train
25668,train
15713,train
15049,train
11292,train
23477,train
2726,train
26716,train
25702,train
7455,train
7213,train
22203,train
16235,train
21268,train
25700,train
19973,train
6084,train
22056,train
24336,train
7710,train
13350,train
1657,train
12415,train
778,train
13749,train
20570,train
17854,train
10039,train
6326,train
16295,train
8612,train
27655,train
19319,train
27275,train
20150,train
3243,train
3856,train
8557,train
14451,train
3210,train
22650,train
25711,train
14534,train
10000,train
27079,train
15025,train
20106,train
15503,train
21482,train
14009,train
210,train
28644,train
17096,train
4611,train
10855,train
10714,train
13419,train
8992,train
15126,train
549,train
26223,train
11951,train
29590,train
26158,train
21149,train
3994,train
14553,train
28955,train
23445,train
4531,train
25688,train
17643,train
8954,train
14682,train
24921,train
23194,train
14205,train
1501,train
10813,train
11854,train
11123,train
19554,train
2605,train
19055,train
17828,train
11573,train
27443,train
4194,train
8524,train
15659,train
6809,train
23940,train
14439,train
13310,train
20420,train
11179,train
27998,train
17212,train
1788,train
8487,train
24539,train
20562,train
17425,train
14563,train
15254,train
13632,train
7047,train
5825,train
22103,train
25308,train
9691,train
7187,train
23748,train
4772,train
16999,train
8222,train
3173,train
28078,train
5120,train
3032,train
2159,train
14267,train
8161,train
1117,train
11340,train
19572,train
9970,train
16427,train
28630,train
7204,train
14793,train
16881,train
24406,train
12212,train
975,train
17791,train
29529,train
23163,train
21964,train
26464,train
1853,train
1687,train
27042,train
12847,train
14882,train
9783,train
15160,train
20559,train
1874,train
8059,train
9676,train
17009,train
6431,train
27725,train
5128,train
19438,train
7111,train
16975,train
22515,train
27048,train
29632,train
9432,train
2611,train
2928,train
11301,train
27893,train
5212,train
4892,train
5167,train
3258,train
13891,train
24580,train
28864,train
15092,train
13158,train
20057,train
14603,train
2520,train
14708,train
15796,train
16243,train
6276,train
13841,train
11811,train
29521,train
1979,train
15414,train
8389,train
11923,train
9643,train
7674,train
1144,train
20400,train
18563,train
23168,train
153,train
5806,train
18942,train
23076,train
6140,train
21863,train
28772,train
22032,train
1016,train
2002,train
4802,train
20779,train
28607,train
1193,train
4848,train
11451,train
12278,train
18799,train
8537,train
24881,train
28449,train
8429,train
9570,train
16374,train
18058,train
15621,train
4817,train
5961,train
10862,train
25044,train
2441,train
10680,train
14228,train
15143,train
10633,train
11161,train
1362,train
11719,train
23645,train
672,train
11686,train
11031,train
1950,train
18749,train
19953,train
23511,train
17169,train
2628,train
6235,train
29055,train
16949,train
4608,train
27842,train
20133,train
10136,train
10005,train
9307,train
27701,train
14960,train
14731,train
15619,train
28777,train
28629,train
20250,train
27465,train
5275,train
22321,train
4508,train
554,train
22812,train
17379,train
9477,train
19082,train
10123,train
9182,train
28193,train
11998,train
2668,train
21124,train
14355,train
3263,train
1012,train
27862,train
13663,train
337,train
26311,train
3612,train
12160,train
7918,train
19915,train
28161,train
24715,train
12883,train
20435,train
8819,train
26675,train
17465,train
29597,train
16011,train
28789,train
6606,train
19302,train
25209,train
25299,train
26243,train
14839,train
1997,train
22051,train
11094,train
20850,train
7779,train
21320,train
6230,train
2712,train
1536,train
2285,train
25819,train
25547,train
25992,train
10942,train
11144,train
17317,train
7002,train
180,train
3838,train
28791,train
22468,train
1823,train
18366,train
21156,train
12775,train
19853,train
6727,train
4908,train
13898,train
9422,train
3802,train
19153,train
17448,train
16116,train
14522,train
29296,train
6030,train
1594,train
17097,train
13077,train
1765,train
9745,train
22729,train
24789,train
4087,train
5227,train
9462,train
29401,train
5182,train
26822,train
3613,train
11949,train
163,train
16754,train
10847,train
16992,train
5989,train
2149,train
14658,train
14945,train
2313,train
17644,train
17807,train
23100,train
26789,train
2844,train
6223,train
1516,train
22891,train
16581,train
8688,train
26485,train
21885,train
2867,train
17935,train
4414,train
21462,train
4799,train
25759,train
14583,train
18268,train
19150,train
28466,train
23337,train
3013,train
2833,train
25143,train
15673,train
17319,train
21555,train
18158,train
2237,train
14348,train
29131,train
22257,train
10974,train
11160,train
8135,train
374,train
17701,train
2693,train
5791,train
26798,train
18873,train
11529,train
15691,train
25445,train
16937,train
24240,train
22088,train
22792,train
22422,train
28353,train
11167,train
10777,train
19193,train
20706,train
6867,train
11645,train
13640,train
4220,train
23489,train
26007,train
19986,train
16335,train
20462,train
7804,train
3342,train
22570,train
19682,train
26886,train
2104,train
2497,train
9300,train
9555,train
25059,train
7758,train
23006,train
12668,train
6009,train
27868,train
10511,train
22414,train
499,train
2431,train
25087,train
12342,train
1455,train
25834,train
27249,train
26714,train
23584,train
19283,train
1446,train
10013,train
13026,train
26029,train
6909,train
28815,train
27506,train
15295,train
14198,train
4895,train
18833,train
28011,train
9914,train
9985,train
17423,train
623,train
27554,train
22699,train
13764,train
6708,train
21811,train
19675,train
12248,train
4855,train
13587,train
9896,train
16097,train
14051,train
11184,train
8405,train
16132,train
23543,train
1867,train
17771,train
21327,train
27486,train
6766,train
490,train
17866,train
13066,train
11035,train
26613,train
4518,train
14208,train
3799,train
8854,train
9043,train
11586,train
21381,train
23830,train
3433,train
15368,train
6999,train
13990,train
17473,train
8653,train
3535,train
16004,train
9729,train
28111,train
10041,train
10831,train
8715,train
20749,train
29386,train
11006,train
15080,train
2148,train
7752,train
6607,train
25460,train
15208,train
4378,train
28342,train
25361,train
8666,train
3163,train
23171,train
28442,train
2248,train
12789,train
23744,train
16109,train
28603,train
2486,train
8067,train
28438,train
26317,train
16502,train
10738,train
5786,train
27088,train
15889,train
18027,train
25981,train
26577,train
3077,train
591,train
19461,train
9785,train
6488,train
5994,train
6226,train
12395,train
11641,train
15549,train
1722,train
22746,train
10659,train
27676,train
21110,train
8689,train
5197,train
8416,train
27541,train
23691,train
13557,train
21534,train
25768,train
20536,train
21012,train
23082,train
6611,train
21567,train
7198,train
273,train
10356,train
8400,train
20038,train
9129,train
13099,train
5879,train
1303,train
4458,train
14881,train
20603,train
29398,train
16275,train
1974,train
12928,train
10017,train
5420,train
12009,train
20268,train
8949,train
28962,train
22462,train
23576,train
20312,train
5534,train
28984,train
3588,train
22786,train
25222,train
14050,train
5602,train
13847,train
17950,train
9485,train
17393,train
10271,train
15535,train
1005,train
4929,train
11856,train
11297,train
27326,train
13466,train
3877,train
28673,train
17104,train
27038,train
5209,train
25240,train
478,train
13179,train
27027,train
21721,train
15845,train
1614,train
11247,train
8179,train
2032,train
19088,train
14240,train
20391,train
18702,train
17235,train
832,train
9900,train
11497,train
18412,train
9898,train
7273,train
5564,train
20936,train
15448,train
2816,train
23582,train
15023,train
12514,train
1748,train
26091,train
28601,train
8569,train
11681,train
22174,train
25431,train
24735,train
26474,train
6112,train
6738,train
9690,train
364,train
9000,train
7567,train
17943,train
26131,train
28220,train
28894,train
29086,train
22220,train
21073,train
12740,train
5144,train
7859,train
1020,train
7810,train
13792,train
26936,train
23339,train
819,train
29375,train
16610,train
994,train
24676,train
9836,train
18003,train
4004,train
19130,train
7069,train
179,train
15070,train
27250,train
8233,train
11682,train
24326,train
19251,train
28999,train
27999,train
28875,train
25816,train
23996,train
7954,train
11002,train
9772,train
16614,train
5236,train
16625,train
24133,train
16385,train
9160,train
8672,train
20065,train
258,train
27839,train
19837,train
22872,train
12586,train
21961,train
24363,train
3207,train
29349,train
8723,train
2038,train
7306,train
1718,train
10050,train
25993,train
11367,train
17070,train
26585,train
3564,train
9150,train
27364,train
23407,train
27552,train
8311,train
13986,train
5811,train
2959,train
29602,train
18129,train
17648,train
27117,train
1908,train
14498,train
6203,train
24132,train
19798,train
23379,train
15337,train
18233,train
17628,train
18500,train
16558,train
55,train
10985,train
7133,train
18587,train
7854,train
4756,train
17049,train
25598,train
28963,train
12865,train
17333,train
13551,train
1478,train
11731,train
8514,train
9212,train
19602,train
14651,train
8638,train
2634,train
27846,train
25054,train
23170,train
1967,train
22565,train
19519,train
8010,train
19199,train
21999,train
24812,train
25620,train
20982,train
2011,train
7256,train
3167,train
26142,train
155,train
27040,train
12187,train
28036,train
24322,train
16161,train
20498,train
25955,train
4774,train
3664,train
1660,train
6285,train
20219,train
22929,train
4047,train
14042,train
32,train
9963,train
3275,train
25166,train
23098,train
14460,train
15136,train
26916,train
23898,train
1106,train
6956,train
2582,train
2720,train
20419,train
16120,train
29395,train
26467,train
6172,train
29525,train
27056,train
3255,train
29555,train
17777,train
15934,train
12652,train
5449,train
9254,train
18160,train
17906,train
23634,train
4730,train
821,train
20587,train
8668,train
10568,train
15438,train
16517,train
25659,train
21801,train
25684,train
29335,train
20135,train
25429,train
26337,train
17782,train
9858,train
23721,train
24918,train
3710,train
11985,train
10091,train
3239,train
6267,train
7626,train
16984,train
2012,train
17936,train
28377,train
27640,train
27091,train
3155,train
17045,train
19208,train
2130,train
15158,train
21024,train
21131,train
27228,train
29559,train
7943,train
17657,train
14295,train
10096,train
21858,train
10336,train
25719,train
11341,train
18374,train
19725,train
22574,train
10118,train
26826,train
5226,train
20010,train
11274,train
1864,train
5440,train
12086,train
11042,train
23577,train
25516,train
5903,train
7317,train
19630,train
15101,train
27511,train
20422,train
26449,train
29311,train
12846,train
775,train
3395,train
23205,train
11480,train
16787,train
28411,train
12693,train
18239,train
15542,train
1895,train
23878,train
14661,train
17469,train
17299,train
3521,train
15046,train
22537,train
3782,train
20616,train
8932,train
6494,train
12405,train
21653,train
5647,train
16591,train
18215,train
16174,train
1093,train
26519,train
2622,train
14414,train
6298,train
4990,train
1684,train
28288,train
23092,train
4376,train
234,train
24819,train
15884,train
22747,train
18639,train
22133,train
25550,train
1801,train
3623,train
23408,train
2347,train
1835,train
21975,train
12422,train
21722,train
20147,train
14473,train
22300,train
2372,train
7400,train
12295,train
22714,train
6391,train
19312,train
13979,train
3461,train
8816,train
11078,train
16956,train
24371,train
22952,train
23474,train
14811,train
3448,train
21869,train
5408,train
28075,train
16014,train
27290,train
1337,train
1254,train
15074,train
24163,train
298,train
21506,train
7801,train
25786,train
15563,train
22149,train
6934,train
23079,train
18371,train
26017,train
24482,train
11943,train
1980,train
24605,train
20965,train
25082,train
20199,train
25944,train
2395,train
16641,train
1721,train
26700,train
22698,train
3012,train
13377,train
29059,train
17325,train
797,train
2112,train
17278,train
26408,train
14766,train
3473,train
10732,train
9826,train
13863,train
13281,train
10214,train
605,train
12547,train
23989,train
22168,train
19353,train
28369,train
24899,train
8610,train
20254,train
14095,train
5565,train
21985,train
726,train
5536,train
13266,train
276,train
22958,train
5169,train
7844,train
24563,train
24054,train
6368,train
17024,train
15984,train
18429,train
11572,train
7701,train
19584,train
3989,train
240,train
3558,train
23993,train
15708,train
3853,train
12265,train
13486,train
4295,train
21738,train
7303,train
10078,train
7794,train
515,train
16854,train
7349,train
15328,train
16560,train
12222,train
2419,train
19332,train
16726,train
21909,train
18342,train
26319,train
2775,train
5615,train
13901,train
20563,train
22599,train
13230,train
21374,train
23131,train
18436,train
11465,train
6401,train
23457,train
10329,train
25328,train
20580,train
8488,train
27092,train
4882,train
2354,train
10973,train
20190,train
17191,train
10234,train
14566,train
9235,train
25266,train
11209,train
26959,train
25326,train
1592,train
6718,train
10,train
10338,train
3268,train
2795,train
2857,train
25928,train
27505,train
27268,train
18069,train
104,train
23952,train
4210,train
17945,train
21690,train
13450,train
22772,train
15873,train
12980,train
12611,train
15097,train
8218,train
22856,train
12879,train
11466,train
2536,train
16018,train
28719,train
5319,train
17639,train
5684,train
24302,train
2098,train
28717,train
12991,train
20918,train
23611,train
18443,train
14078,train
11883,train
24299,train
5185,train
15524,train
13642,train
27759,train
6255,train
12828,train
9258,train
15902,train
29092,train
3905,train
295,train
24950,train
7257,train
4543,train
12250,train
21917,train
7396,train
1365,train
3079,train
13031,train
10174,train
13662,train
1250,train
1943,train
21317,train
9902,train
18256,train
1919,train
26024,train
3735,train
27909,train
15379,train
1403,train
28646,train
24210,train
26083,train
8990,train
6538,train
28234,train
23346,train
11522,train
3256,train
2667,train
6870,train
16124,train
27013,train
10247,train
21283,train
13214,train
24420,train
7927,train
26252,train
4118,train
26794,train
27436,train
16100,train
2752,train
25613,train
20735,train
20937,train
7937,train
13438,train
27344,train
22873,train
5476,train
14823,train
23075,train
9468,train
2358,train
29271,train
200,train
21162,train
28284,train
21028,train
2724,train
10681,train
18441,train
17061,train
3398,train
25664,train
23936,train
801,train
16582,train
21796,train
3999,train
3292,train
2438,train
11404,train
25214,train
20613,train
19103,train
29160,train
18781,train
15219,train
9243,train
24422,train
25921,train
12177,train
11302,train
25917,train
9999,train
6693,train
20961,train
18686,train
18608,train
10963,train
11970,train
23195,train
16466,train
24170,train
15085,train
5429,train
159,train
28238,train
13123,train
28378,train
15071,train
27226,train
774,train
2956,train
7077,train
26758,train
24217,train
5138,train
20954,train
26571,train
4705,train
22945,train
11486,train
10278,train
17913,train
8693,train
2750,train
17792,train
22185,train
28820,train
10718,train
26084,train
17476,train
25534,train
1954,train
1738,train
20056,train
2796,train
6932,train
6379,train
14115,train
2210,train
12356,train
10379,train
7892,train
16637,train
20478,train
8596,train
18709,train
12656,train
21306,train
9799,train
26678,train
18972,train
21594,train
7951,train
8513,train
10887,train
19234,train
8193,train
24942,train
19031,train
11715,train
15262,train
5792,train
10599,train
19120,train
12317,train
8769,train
4489,train
1909,train
9353,train
26755,train
8012,train
10228,train
12624,train
14385,train
28994,train
23389,train
4085,train
9904,train
5552,train
28763,train
496,train
11245,train
16413,train
6720,train
26020,train
18227,train
3939,train
26145,train
19867,train
24496,train
2975,train
16219,train
26580,train
309,train
16028,train
8966,train
26229,train
15727,train
11049,train
22296,train
18325,train
1760,train
5459,train
2601,train
22298,train
14371,train
29235,train
2490,train
5530,train
23484,train
4993,train
15059,train
13837,train
4644,train
21708,train
6192,train
25852,train
3096,train
28863,train
21065,train
20261,train
10987,train
2075,train
11576,train
425,train
770,train
289,train
5051,train
15951,train
16150,train
4327,train
8914,train
25118,train
7983,train
22906,train
24953,train
22489,train
15628,train
8559,train
11759,train
3107,train
26095,train
11757,train
19895,train
17608,train
11388,train
22454,train
14359,train
1289,train
26879,train
7447,train
23504,train
17841,train
1858,train
17765,train
435,train
17905,train
26473,train
26651,train
23286,train
23040,train
21020,train
23527,train
16824,train
2235,train
21394,train
4168,train
11778,train
3299,train
12548,train
4463,train
8821,train
9697,train
6321,train
939,train
25791,train
7128,train
16654,train
15851,train
10632,train
5433,train
1119,train
5259,train
25242,train
26784,train
9618,train
8448,train
8865,train
17081,train
14789,train
5280,train
6716,train
12350,train
18988,train
8811,train
25073,train
11113,train
5426,train
18652,train
579,train
16796,train
15045,train
8871,train
13157,train
10713,train
25843,train
2549,train
15292,train
8609,train
17955,train
25803,train
2310,train
19739,train
22631,train
10047,train
24452,train
2342,train
24204,train
23128,train
5014,train
24150,train
22534,train
26287,train
5855,train
26304,train
2287,train
23409,train
1971,train
28511,train
24001,train
25083,train
20215,train
13104,train
8460,train
13796,train
28041,train
28182,train
23473,train
5997,train
4687,train
6165,train
3572,train
14393,train
11662,train
18303,train
7352,train
19204,train
18874,train
12823,train
13813,train
8124,train
13388,train
17247,train
22121,train
18483,train
19369,train
3553,train
15441,train
4196,train
25375,train
12218,train
26893,train
21412,train
9439,train
128,train
24021,train
28067,train
20780,train
11335,train
1845,train
25874,train
4019,train
23685,train
20330,train
20755,train
20217,train
3729,train
10622,train
2974,train
10202,train
5363,train
21805,train
14760,train
29028,train
21392,train
12861,train
17237,train
23094,train
187,train
27007,train
24618,train
26515,train
13690,train
14494,train
12224,train
24634,train
6537,train
11450,train
22635,train
2018,train
9430,train
21235,train
25468,train
15055,train
15357,train
24699,train
17028,train
14728,train
11249,train
19589,train
17865,train
24565,train
5586,train
7036,train
22907,train
3085,train
6814,train
1527,train
15838,train
27913,train
16158,train
1617,train
7459,train
2348,train
14655,train
15911,train
25842,train
2686,train
28675,train
21125,train
17700,train
24191,train
9658,train
27900,train
15347,train
25662,train
22621,train
26366,train
19917,train
2530,train
20037,train
18362,train
15928,train
20631,train
19381,train
5734,train
4090,train
22327,train
519,train
10702,train
175,train
3976,train
11842,train
23262,train
814,train
13122,train
19652,train
3341,train
16472,train
22540,train
12112,train
25603,train
24381,train
2741,train
22169,train
14602,train
4683,train
22551,train
16459,train
20263,train
5243,train
5901,train
22627,train
4515,train
21411,train
10678,train
5551,train
24087,train
2378,train
24239,train
5807,train
7326,train
2008,train
6470,train
13439,train
12609,train
5630,train
11394,train
9367,train
26910,train
15909,train
22258,train
19010,train
18714,train
27085,train
19662,train
6584,train
27130,train
27095,train
22915,train
9262,train
18585,train
26009,train
11550,train
21200,train
29214,train
990,train
7163,train
10805,train
28519,train
29594,train
1973,train
16951,train
5653,train
23808,train
15735,train
11136,train
3518,train
20340,train
6635,train
26835,train
9811,train
18510,train
14769,train
29244,train
12998,train
13007,train
186,train
2985,train
1742,train
11158,train
23036,train
19129,train
15762,train
3650,train
27011,train
28456,train
15230,train
23520,train
16541,train
26419,train
9469,train
26265,train
9741,train
13804,train
8805,train
20916,train
7509,train
16063,train
1524,train
937,train
15732,train
2176,train
13475,train
19706,train
12962,train
7056,train
7060,train
2382,train
6022,train
15502,train
21203,train
28444,train
15179,train
8678,train
2546,train
7474,train
9156,train
19555,train
11640,train
11311,train
24876,train
1507,train
26976,train
15082,train
503,train
20731,train
733,train
2532,train
25104,train
16134,train
22558,train
15470,train
12173,train
20915,train
5333,train
9050,train
2430,train
25746,train
321,train
9822,train
20700,train
4017,train
22884,train
13872,train
10828,train
23568,train
2902,train
11067,train
9136,train
19189,train
1686,train
27958,train
6464,train
7172,train
29132,train
17426,train
5257,train
22191,train
2704,train
14599,train
12835,train
14783,train
25722,train
26883,train
4952,train
11836,train
2511,train
18121,train
18146,train
12485,train
4641,train
9056,train
17229,train
9725,train
23713,train
13229,train
10618,train
14331,train
7714,train
20355,train
11080,train
12287,train
7431,train
1637,train
26315,train
22550,train
15948,train
9660,train
4889,train
15124,train
2333,train
16269,train
6484,train
9848,train
4673,train
7713,train
16802,train
17496,train
4917,train
6842,train
4932,train
23381,train
21207,train
19268,train
29076,train
5446,train
6522,train
9576,train
25741,train
11523,train
19340,train
10251,train
18701,train
21334,train
22877,train
23449,train
2435,train
15949,train
11855,train
9042,train
15983,train
12019,train
21387,train
12583,train
20114,train
12407,train
24781,train
1585,train
21129,train
29481,train
16657,train
8136,train
22725,train
15798,train
14399,train
28899,train
12794,train
28813,train
23806,train
4317,train
7224,train
15527,train
23406,train
17176,train
11130,train
29252,train
25806,train
15594,train
11181,train
6437,train
17719,train
4262,train
13306,train
22996,train
23479,train
27101,train
24369,train
5966,train
925,train
7835,train
3174,train
23147,train
20485,train
6034,train
10211,train
23491,train
14285,train
21617,train
7035,train
7683,train
17274,train
13270,train
6802,train
512,train
2780,train
5765,train
9260,train
14099,train
23705,train
25533,train
14892,train
26079,train
23976,train
7931,train
21510,train
29184,train
4109,train
4792,train
21590,train
11183,train
2307,train
19241,train
23329,train
1590,train
19568,train
20314,train
4752,train
13151,train
931,train
15634,train
22607,train
28829,train
28099,train
18685,train
18457,train
14846,train
332,train
5213,train
27430,train
23208,train
1239,train
4605,train
15620,train
19566,train
847,train
6526,train
22270,train
19952,train
18721,train
11095,train
14980,train
3661,train
799,train
14358,train
2320,train
4716,train
1013,train
14383,train
13512,train
19045,train
2864,train
27159,train
23515,train
4602,train
2543,train
20225,train
24032,train
5246,train
5595,train
24829,train
25071,train
28366,train
3569,train
23214,train
1306,train
20315,train
23749,train
13327,train
28362,train
1629,train
23057,train
24505,train
22463,train
4380,train
28324,train
18445,train
14021,train
10478,train
7631,train
776,train
10083,train
194,train
27619,train
347,train
10022,train
9650,train
3556,train
25084,train
5355,train
18310,train
6648,train
14492,train
12456,train
6275,train
2503,train
271,train
20640,train
22248,train
29247,train
14315,train
27039,train
5117,train
14456,train
5438,train
7712,train
19420,train
24641,train
800,train
8528,train
12531,train
7074,train
23223,train
11921,train
16909,train
25876,train
1784,train
5558,train
14941,train
17511,train
5707,train
25954,train
2608,train
20480,train
16205,train
10104,train
23108,train
3236,train
24121,train
26564,train
16840,train
22264,train
15648,train
12550,train
9201,train
22008,train
11743,train
25069,train
25612,train
14840,train
15710,train
8341,train
12150,train
27687,train
24306,train
1164,train
16417,train
16003,train
15870,train
17161,train
21407,train
18915,train
21745,train
22869,train
25906,train
15795,train
25866,train
542,train
16527,train
4339,train
12955,train
16448,train
26591,train
5317,train
21284,train
7055,train
23762,train
16470,train
13302,train
520,train
7334,train
26134,train
11896,train
29410,train
20026,train
14486,train
1073,train
11707,train
9382,train
14474,train
3662,train
23419,train
25124,train
4521,train
913,train
9652,train
8264,train
8196,train
18763,train
399,train
10843,train
8246,train
13320,train
18631,train
5649,train
1214,train
1756,train
18139,train
23061,train
8252,train
12905,train
5625,train
5463,train
730,train
18323,train
10922,train
21537,train
26942,train
9814,train
27378,train
14261,train
9559,train
15210,train
4754,train
24734,train
2761,train
27421,train
17876,train
15791,train
7948,train
2469,train
21970,train
12138,train
16121,train
6238,train
21338,train
25627,train
18402,train
2687,train
26238,train
21677,train
1609,train
5658,train
10656,train
13598,train
15323,train
8862,train
19680,train
22868,train
1109,train
2124,train
11038,train
22916,train
28713,train
6602,train
5422,train
19485,train
11584,train
28068,train
27532,train
19000,train
22349,train
20843,train
17100,train
22788,train
6209,train
15530,train
25648,train
23080,train
24995,train
20013,train
19605,train
7584,train
17827,train
15996,train
23309,train
23422,train
25058,train
27828,train
5110,train
1571,train
1580,train
14391,train
2468,train
14404,train
10440,train
8607,train
13244,train
2581,train
6002,train
4938,train
19439,train
25284,train
13174,train
7384,train
6466,train
25506,train
28051,train
3579,train
28251,train
2538,train
20356,train
26769,train
21155,train
17815,train
5105,train
15679,train
19087,train
312,train
27019,train
26663,train
12451,train
11784,train
17355,train
17718,train
26023,train
16423,train
27001,train
8899,train
26353,train
22985,train
12908,train
1886,train
4692,train
4813,train
1190,train
20066,train
9480,train
7202,train
25210,train
26187,train
7819,train
19732,train
13446,train
19592,train
21345,train
27769,train
2336,train
21428,train
24628,train
26696,train
25962,train
9356,train
2509,train
15154,train
8022,train
24771,train
8324,train
1067,train
10558,train
23122,train
22150,train
16043,train
14966,train
14918,train
8077,train
26712,train
13293,train
21213,train
22874,train
17787,validation
17135,validation
16957,validation
24200,validation
22705,validation
20338,validation
439,validation
4604,validation
19131,validation
22221,validation
25524,validation
6215,validation
10405,validation
9404,validation
7389,validation
14262,validation
4532,validation
11115,validation
28990,validation
757,validation
2120,validation
23458,validation
15754,validation
5466,validation
2580,validation
20670,validation
10451,validation
12079,validation
25312,validation
1674,validation
20280,validation
13363,validation
16088,validation
13114,validation
8972,validation
20733,validation
1457,validation
25176,validation
754,validation
22029,validation
16755,validation
18288,validation
15266,validation
22793,validation
19754,validation
12382,validation
28226,validation
24704,validation
21992,validation
10806,validation
4766,validation
1264,validation
22377,validation
19922,validation
28890,validation
16533,validation
20202,validation
27691,validation
15977,validation
29495,validation
11991,validation
28332,validation
2719,validation
1208,validation
25671,validation
27929,validation
23387,validation
29096,validation
5265,validation
22132,validation
7080,validation
26260,validation
27178,validation
14318,validation
5331,validation
26372,validation
26847,validation
10218,validation
12797,validation
2251,validation
19464,validation
22122,validation
11974,validation
1161,validation
21461,validation
8628,validation
6421,validation
27819,validation
13346,validation
26860,validation
11372,validation
18600,validation
4890,validation
12610,validation
11739,validation
28874,validation
5886,validation
21184,validation
3119,validation
27755,validation
19070,validation
1422,validation
7622,validation
15267,validation
8425,validation
26328,validation
18151,validation
22790,validation
5949,validation
20549,validation
17989,validation
4517,validation
481,validation
6900,validation
11878,validation
13159,validation
25704,validation
4660,validation
10917,validation
2373,validation
2023,validation
6118,validation
11347,validation
22256,validation
2540,validation
24669,validation
12483,validation
1461,validation
22780,validation
8006,validation
13664,validation
24902,validation
9527,validation
1405,validation
17573,validation
2701,validation
18607,validation
12237,validation
19671,validation
23117,validation
7566,validation
26634,validation
21953,validation
10279,validation
25497,validation
12512,validation
26065,validation
18243,validation
3839,validation
10864,validation
29509,validation
14101,validation
15858,validation
19897,validation
20945,validation
25818,validation
14920,validation
3690,validation
24343,validation
1482,validation
18861,validation
11979,validation
12453,validation
8792,validation
16981,validation
25447,validation
158,validation
19491,validation
2735,validation
17768,validation
718,validation
28724,validation
1970,validation
14653,validation
21008,validation
27440,validation
510,validation
12781,validation
24419,validation
3890,validation
17303,validation
17739,validation
11632,validation
17829,validation
25296,validation
3230,validation
16122,validation
25518,validation
23277,validation
5845,validation
14848,validation
22897,validation
10742,validation
24591,validation
23835,validation
4044,validation
12205,validation
12570,validation
14016,validation
21699,validation
2632,validation
8036,validation
9732,validation
26521,validation
26548,validation
6684,validation
3475,validation
24725,validation
588,validation
18394,validation
13830,validation
13263,validation
7988,validation
16675,validation
9609,validation
27644,validation
16329,validation
18486,validation
780,validation
25990,validation
10980,validation
2493,validation
2565,validation
18389,validation
16820,validation
7338,validation
4244,validation
10276,validation
10030,validation
14212,validation
20839,validation
26360,validation
4276,validation
3906,validation
29291,validation
6552,validation
25286,validation
1855,validation
2666,validation
17717,validation
26296,validation
14230,validation
5238,validation
11382,validation
29223,validation
20593,validation
16445,validation
22403,validation
27093,validation
17263,validation
13242,validation
26777,validation
27979,validation
20087,validation
14847,validation
15270,validation
6210,validation
7354,validation
2519,validation
28493,validation
25029,validation
28170,validation
23538,validation
21968,validation
24984,validation
26894,validation
382,validation
12155,validation
20046,validation
20444,validation
28205,validation
27285,validation
26945,validation
19410,validation
1432,validation
13239,validation
470,validation
17071,validation
4876,validation
20001,validation
12425,validation
27633,validation
29641,validation
18522,validation
18262,validation
25958,validation
4313,validation
16917,validation
17160,validation
12059,validation
15990,validation
21606,validation
25642,validation
12694,validation
12733,validation
28912,validation
20814,validation
8660,validation
23440,validation
10527,validation
28307,validation
7867,validation
885,validation
6004,validation
18866,validation
4987,validation
19165,validation
11417,validation
10198,validation
26557,validation
21165,validation
23640,validation
13143,validation
4926,validation
2266,validation
27439,validation
19377,validation
22164,validation
1010,validation
20678,validation
4175,validation
8803,validation
10830,validation
3924,validation
4899,validation
27384,validation
8,validation
2655,validation
25009,validation
8670,validation
21226,validation
275,validation
13597,validation
13161,validation
6347,validation
9693,validation
5535,validation
21729,validation
28190,validation
8824,validation
2153,validation
22400,validation
24524,validation
2439,validation
27426,validation
21083,validation
12751,validation
27192,validation
28365,validation
4298,validation
11871,validation
2220,validation
3349,validation
2208,validation
20136,validation
20224,validation
259,validation
17683,validation
5131,validation
17200,validation
2170,validation
12876,validation
5183,validation
26165,validation
22459,validation
10629,validation
13223,validation
5715,validation
3520,validation
18413,validation
1083,validation
1135,validation
20177,validation
17968,validation
18396,validation
20388,validation
18649,validation
15397,validation
20468,validation
15586,validation
22089,validation
13702,validation
19285,validation
25279,validation
3888,validation
19099,validation
16397,validation
7808,validation
20174,validation
13035,validation
3414,validation
13325,validation
23300,validation
22847,validation
18245,validation
5483,validation
25180,validation
26811,validation
28917,validation
25723,validation
26137,validation
7315,validation
13591,validation
13194,validation
11471,validation
3990,validation
17477,validation
23814,validation
16941,validation
10892,validation
26489,validation
27074,validation
29643,validation
24118,validation
27262,validation
3223,validation
18842,validation
8509,validation
27175,validation
11885,validation
3432,validation
6363,validation
22015,validation
26103,validation
15232,validation
24341,validation
11020,validation
23738,validation
50,validation
25028,validation
18725,validation
25606,validation
13352,validation
23426,validation
23712,validation
4992,validation
12418,validation
9451,validation
1707,validation
19838,validation
25900,validation
28202,validation
2571,validation
12631,validation
21312,validation
13272,validation
26144,validation
12717,validation
28636,validation
27409,validation
20358,validation
6040,validation
27157,validation
343,validation
24005,validation
12633,validation
15133,validation
29115,validation
25095,validation
4968,validation
15031,validation
22774,validation
1710,validation
8150,validation
13521,validation
12132,validation
18277,validation
17149,validation
14536,validation
15197,validation
11663,validation
7387,validation
28271,validation
26327,validation
26600,validation
4328,validation
16491,validation
25644,validation
3555,validation
8882,validation
15644,validation
18737,validation
10704,validation
1262,validation
21855,validation
15575,validation
5772,validation
9562,validation
26233,validation
6072,validation
29051,validation
22734,validation
24345,validation
4538,validation
21202,validation
22692,validation
23896,validation
13168,validation
28401,validation
29014,validation
26173,validation
15860,validation
11099,validation
25484,validation
29377,validation
15249,validation
21505,validation
19764,validation
14722,validation
13309,validation
4045,validation
3747,validation
28516,validation
27848,validation
22062,validation
22977,validation
9863,validation
26908,validation
744,validation
1862,validation
4393,validation
20630,validation
10834,validation
21369,validation
91,validation
20680,validation
15277,validation
415,validation
7166,validation
3036,validation
24248,validation
7517,validation
844,validation
14648,validation
18657,validation
20712,validation
518,validation
25588,validation
19882,validation
14562,validation
7991,validation
6969,validation
24644,validation
13798,validation
24462,validation
10387,validation
13334,validation
20856,validation
27879,validation
7898,validation
3789,validation
164,validation
23569,validation
12621,validation
15149,validation
8776,validation
24778,validation
8866,validation
21727,validation
11799,validation
9536,validation
4083,validation
25134,validation
17182,validation
17745,validation
9807,validation
12065,validation
27418,validation
23204,validation
2607,validation
10394,validation
11692,validation
1470,validation
26312,validation
4653,validation
9529,validation
4488,validation
29601,validation
2010,validation
4383,validation
18947,validation
22707,validation
21652,validation
23107,validation
12095,validation
29439,validation
17673,validation
8068,validation
12895,validation
8340,validation
18464,validation
16746,validation
1993,validation
3984,validation
16092,validation
11960,validation
19267,validation
2155,validation
28701,validation
22224,validation
27256,validation
26306,validation
26819,validation
6185,validation
9206,validation
18766,validation
15410,validation
3323,validation
25750,validation
11680,validation
15274,validation
19774,validation
23152,validation
26781,validation
1165,validation
11716,validation
7985,validation
20160,validation
716,validation
24309,validation
28215,validation
25591,validation
20166,validation
6053,validation
4116,validation
13420,validation
6827,validation
18479,validation
12197,validation
2690,validation
24179,validation
17550,validation
8767,validation
22503,validation
19762,validation
24874,validation
15835,validation
9489,validation
5256,validation
4260,validation
22110,validation
6301,validation
19840,validation
13635,validation
13703,validation
22530,validation
24314,validation
9024,validation
14885,validation
4204,validation
21340,validation
8005,validation
28409,validation
20463,validation
26301,validation
521,validation
9215,validation
2424,validation
21707,validation
2951,validation
3078,validation
25114,validation
10625,validation
25056,validation
3276,validation
12986,validation
11615,validation
3652,validation
28758,validation
21140,validation
14143,validation
12325,validation
21445,validation
20914,validation
10515,validation
23054,validation
25343,validation
4948,validation
19508,validation
18120,validation
6079,validation
28400,validation
25765,validation
4869,validation
27077,validation
28143,validation
7159,validation
27670,validation
16605,validation
14435,validation
11604,validation
27216,validation
13296,validation
27504,validation
4475,validation
1796,validation
11396,validation
2141,validation
214,validation
23439,validation
16041,validation
26275,validation
3512,validation
7158,validation
9805,validation
19046,validation
14174,validation
4239,validation
5612,validation
29467,validation
1959,validation
9705,validation
1195,validation
4160,validation
25055,validation
4909,validation
21645,validation
26774,validation
13082,validation
25828,validation
1922,validation
21659,validation
27716,validation
24333,validation
3168,validation
17558,validation
15108,validation
13928,validation
12041,validation
13166,validation
18202,validation
3840,validation
26757,validation
29137,validation
705,validation
27947,validation
1605,validation
23053,validation
23281,validation
1526,validation
17680,validation
5304,validation
12462,validation
20195,validation
209,validation
764,validation
12505,validation
863,validation
10266,validation
16760,validation
14344,validation
7186,validation
19793,validation
5034,validation
4814,validation
18421,validation
12026,validation
1914,validation
21877,validation
21661,validation
2005,validation
8519,validation
8574,validation
26736,validation
13982,validation
19030,validation
18439,validation
2927,validation
12199,validation
24554,validation
4166,validation
9458,validation
23041,validation
9209,validation
25936,validation
16906,validation
2615,validation
24593,validation
10061,validation
14121,validation
24862,validation
20320,validation
9282,validation
14410,validation
27588,validation
14012,validation
413,validation
4939,validation
13766,validation
5950,validation
16154,validation
28091,validation
9360,validation
2830,validation
25633,validation
15587,validation
7941,validation
18700,validation
14173,validation
7660,validation
4634,validation
1222,validation
17435,validation
26227,validation
28645,validation
12877,validation
17949,validation
11089,validation
22423,validation
1408,validation
7026,validation
19640,validation
2558,validation
16260,validation
15333,validation
24830,validation
8633,validation
18697,validation
16764,validation
4319,validation
14020,validation
11935,validation
18490,validation
29293,validation
18946,validation
21346,validation
8868,validation
6911,validation
13619,validation
28836,validation
17219,test
12344,test
8562,test
7302,test
10964,test
8305,test
17520,test
22467,test
19066,test
21751,test
20402,test
12909,test
29112,test
15185,test
27827,test
8611,test
26516,test
11996,test
25934,test
5159,test
26993,test
9535,test
5607,test
14367,test
1203,test
9438,test
4639,test
15881,test
9421,test
27210,test
22444,test
22693,test
951,test
23388,test
1207,test
8293,test
4920,test
11140,test
22854,test
25778,test
225,test
23902,test
21170,test
15130,test
15005,test
28128,test
1271,test
24860,test
7618,test
428,test
13101,test
7659,test
27293,test
19704,test
13716,test
16353,test
18377,test
9118,test
28559,test
21295,test
2866,test
18143,test
900,test
21513,test
4057,test
17112,test
8971,test
15736,test
28387,test
3055,test
3693,test
7709,test
11520,test
27484,test
26623,test
4299,test
4962,test
20069,test
4480,test
4174,test
25359,test
953,test
5877,test
3287,test
12055,test
2103,test
11435,test
16506,test
29116,test
26514,test
8339,test
29165,test
9646,test
10456,test
7969,test
15597,test
19835,test
5273,test
1027,test
16727,test
25046,test
27315,test
28873,test
1143,test
6261,test
491,test
25771,test
1036,test
27309,test
27501,test
8788,test
14159,test
6542,test
24186,test
11415,test
17188,test
25265,test
28698,test
22099,test
5146,test
4032,test
10008,test
26105,test
6519,test
22671,test
14004,test
17691,test
7330,test
17106,test
5218,test
18696,test
29220,test
29604,test
17236,test
8291,test
17163,test
24315,test
10606,test
18718,test
25051,test
7160,test
14699,test
13945,test
22721,test
16283,test
6269,test
28100,test
628,test
26015,test
18165,test
190,test
10588,test
18166,test
28892,test
11635,test
28986,test
12434,test
22219,test
9698,test
16312,test
320,test
17323,test
18082,test
20253,test
15245,test
5057,test
20528,test
8445,test
4622,test
16646,test
24142,test
19858,test
9682,test
27597,test
18399,test
12727,test
1344,test
25464,test
22080,test
19400,test
29075,test
23798,test
21794,test
4176,test
18017,test
714,test
3559,test
4187,test
3498,test
4018,test
12424,test
19115,test
12496,test
16674,test
19052,test
23690,test
6769,test
25983,test
24181,test
7464,test
16228,test
18673,test
20063,test
7427,test
4565,test
14726,test
22887,test
18565,test
28953,test
15284,test
15268,test
17969,test
28372,test
19920,test
21890,test
5087,test
27412,test
13413,test
13192,test
688,test
15842,test
16105,test
574,test
25263,test
8189,test
9080,test
15163,test
9420,test
27813,test
26245,test
6925,test
23890,test
18392,test
27579,test
9486,test
1506,test
3974,test
26438,test
19639,test
5127,test
19688,test
183,test
22791,test
11555,test
17823,test
4598,test
26398,test
21916,test
6064,test
20058,test
6181,test
573,test
13873,test
14226,test
5922,test
25323,test
27658,test
26524,test
29557,test
26930,test
424,test
17058,test
24988,test
15415,test
19096,test
6685,test
23375,test
20759,test
21091,test
18356,test
28211,test
8583,test
6845,test
13010,test
14968,test
18681,test
3665,test
2174,test
7833,test
11391,test
9292,test
22942,test
18376,test
19721,test
13080,test
3249,test
27712,test
12000,test
2707,test
28803,test
28281,test
29239,test
11044,test
11863,test
18476,test
949,test
9177,test
28088,test
26748,test
20672,test
18719,test
15746,test
2508,test
16630,test
26254,test
1267,test
24884,test
14056,test
9271,test
5977,test
20534,test
29294,test
23810,test
1574,test
19855,test
12206,test
4617,test
20827,test
9217,test
21287,test
29372,test
14984,test
13942,test
2567,test
14401,test
17635,test
8613,test
18936,test
17386,test
4342,test
7689,test
3425,test
4381,test
20282,test
23347,test
27719,test
20344,test
15206,test
3727,test
20210,test
17020,test
9688,test
2841,test
17480,test
27534,test
6515,test
16393,test
12761,test
4242,test
6335,test
330,test
24552,test
10716,test
2318,test
1770,test
11557,test
19678,test
22166,test
18119,test
3300,test
16250,test
27118,test
22465,test
15970,test
19235,test
5224,test
17914,test
17596,test
12567,test
15816,test
1626,test
21361,test
24906,test
5028,test
5711,test
19288,test
29416,test
20667,test
27854,test
20152,test
7627,test
2767,test
3554,test
28769,test
15811,test
25249,test
12280,test
2679,test
6712,test
12957,test
7116,test
13734,test
19859,test
3766,test
21889,test
28245,test
23948,test
13541,test
28985,test
602,test
27428,test
21841,test
24828,test
6237,test
2935,test
26513,test
26661,test
9036,test
10412,test
16993,test
1647,test
18740,test
27195,test
15703,test
12768,test
14844,test
5314,test
19544,test
14944,test
22888,test
26568,test
22630,test
22005,test
6695,test
5731,test
9398,test
10036,test
3715,test
29474,test
3115,test
20236,test
6212,test
6697,test
12737,test
1535,test
25666,test
20865,test
16721,test
25698,test
981,test
28631,test
22018,test
4072,test
22083,test
17845,test
14540,test
3971,test
5240,test
15498,test
17111,test
13768,test
8412,test
21958,test
17430,test
12400,test
15531,test
344,test
13491,test
3713,test
13784,test
1969,test
1877,test
21168,test
24719,test
1854,test
24773,test
24977,test
28931,test
11851,test
10504,test
1332,test
8696,test
24143,test
7999,test
13519,test
27877,test
26080,test
27806,test
2596,test
4282,test
23593,test
6770,test
12392,test
10455,test
1150,test
14718,test
26320,test
15794,test
3069,test
4203,test
4351,test
11864,test
8407,test
18507,test
16144,test
2213,test
6851,test
16634,test
17770,test
13700,test
20876,test
20469,test
3048,test
26391,test
24468,test
7814,test
17192,test
9491,test
2278,test
27015,test
17561,test
9195,test
5116,test
28110,test
22826,test
3654,test
11938,test
6442,test
27872,test
9832,test
13358,test
22013,test
25049,test
11324,test
24237,test
19852,test
18489,test
17345,test
463,test
6641,test
22066,test
7325,test
26344,test
1311,test
2408,test
6414,test
4498,test
28760,test
527,test
19386,test
14785,test
18024,test
20547,test
13125,test
23049,test
5686,test
20533,test
7783,test
6142,test
18253,test
24930,test
514,test
3045,test
10731,test
3132,test
5756,test
15890,test
6033,test
1231,test
6510,test
25953,test
20857,test
2878,test
29319,test
4268,test
2187,test
16146,test
18518,test
1074,test
16481,test
5848,test
4739,test
5576,test
28877,test
28733,test
9146,test
10626,test
18415,test
24139,test
5900,test
20139,test
12937,test
5646,test
15726,test
15212,test
2385,test
28739,test
29507,test
20684,test
24423,test
15777,test
737,test
8773,test
160,test
15756,test
10209,test
3477,test
29446,test
28452,test
23027,test
18440,test
25459,test
28989,test
16841,test
9952,test
23400,test
23212,test
21588,test
23288,test
23480,test
21825,test
24036,test
18343,test
16773,test
10783,test
5598,test
14612,test
27775,test
26269,test
18149,test
21079,test
18495,test
21688,test
14029,test
15296,test
16870,test
7763,test
5186,test
14191,test
3583,test
5925,test
12208,test
18637,test
25300,test
4554,test
2663,test
20924,test
19493,test
17108,test
6068,test
14062,test
6019,test
6105,test
146,test
3000,test
11671,test
29542,test
21897,test
11901,test
4188,test
15177,test
12576,test
27257,test
13184,test
6169,test
18551,test
7726,test
28979,test
14688,test
23130,test
18682,test
7542,test
6205,test
26358,test
1807,test
3365,test
15709,test
4787,test
14636,test
26861,test
2991,test
15580,test
12381,test
4094,test
9726,test
4443,test
7114,test
21533,test
4523,test
16842,test
9789,test
12569,test
28672,test
15353,test
6063,test
16904,test
18629,test
9810,test
987,test
9717,test
96,test
5774,test
18224,test
22436,test
4146,test
13006,test
23785,test
4164,test
1849,test
859,test
4986,test
23732,test
27360,test
11746,test
23725,test
2275,test
10692,test
6329,test
20947,test
14551,test
13428,test
6785,test
19401,test
24648,test
21027,test
5639,test
8730,test
3390,test
14825,test
23660,test
29390,test
396,test
533,test
26210,test
27355,test
5819,test
11747,test
3302,test
10885,test
5348,test
1816,test
28157,test
535,test
4428,test
837,test
16803,test
16495,test
4035,test
26322,test
498,test
5561,test
23021,test
4050,test
17672,test
28186,test
19876,test
10735,test
18599,test
2803,test
5854,test
2708,test
8004,test
26528,test
17276,test
7523,test
6774,test
13561,test
856,test
12383,test
28264,test
7690,test
21483,test
24965,test
8046,test
7435,test
7897,test
20080,test
7733,test
21761,test
3731,test
20949,test
6099,test
16027,test
18960,test
10038,test
19478,test
6395,test
17312,test
27477,test
25483,test
8791,test
11826,test
14241,test
9590,test
19290,test
8872,test
24111,test
26351,test
27668,test
27294,test
11304,test
28612,test
16703,test
4278,test
25572,test
28747,test
23437,test
662,test
11236,test
7456,test
12257,test
9524,test
15450,test
433,test
27289,test
2321,test
14255,test
12938,test
26719,test
17900,test
5421,test
11631,test
24035,test
3294,test
14248,test
16049,test
26393,test
27590,test
15145,test
28315,test
107,test
4703,test
23333,test
9100,test
10894,test
28057,test
2102,test
11879,test
5393,test
12196,test
6080,test
27896,test
11138,train
8777,train
1797,train
6918,train
14264,train
27217,train
1046,train
28821,train
23089,train
4429,train
18630,train
18893,train
15888,train
3240,train
22237,train
9269,train
708,train
11013,train
21145,train
9982,train
27190,train
8700,train
2077,train
1475,train
11540,train
23720,train
19136,train
5778,train
13304,train
17692,train
458,train
9297,train
8295,train
6838,train
24325,train
21665,train
8702,train
14830,train
12355,train
19683,train
7544,train
22181,train
18954,train
4358,train
1719,train
20556,train
9622,train
27938,train
17183,train
7731,train
28201,train
5891,train
20270,train
20021,train
24610,train
5662,train
6885,train
27466,train
17557,train
15672,train
8184,train
24188,train
2212,train
16965,train
25873,train
13459,train
8356,train
1397,train
23299,train
26601,train
7974,train
18990,train
5858,train
24290,train
17384,train
11881,train
3191,train
17089,train
18247,train
10724,train
4314,train
17810,train
24300,train
9279,train
3470,train
89,train
290,train
27273,train
16102,train
25496,train
4354,train
13578,train
28518,train
2872,train
10239,train
24764,train
14390,train
26482,train
7222,train
3686,train
19411,train
22402,train
14887,train
13620,train
12555,train
25640,train
26787,train
8338,train
3073,train
18036,train
28964,train
15226,train
4982,train
28120,train
25387,train
6115,train
20227,train
8401,train
27605,train
27678,train
16171,train
11061,train
1359,train
18678,train
23029,train
27661,train
9984,train
28074,train
29010,train
16406,train
22245,train
3513,train
3462,train
29565,train
1467,train
11838,train
12353,train
28563,train
19583,train
9285,train
13374,train
12558,train
1040,train
13649,train
22506,train
18300,train
25796,train
6627,train
10706,train
26666,train
10538,train
7761,train
12755,train
27650,train
19321,train
6465,train
21655,train
10029,train
19534,train
3213,train
28064,train
26461,train
12384,train
16204,train
22178,train
4690,train
24542,train
8937,train
17244,train
29622,train
6311,train
18291,train
9839,train
9630,train
14375,train
23927,train
17938,train
2893,train
27449,train
22333,train
12357,train
27288,train
3585,train
27560,train
13786,train
12808,train
20192,train
29438,train
21579,train
9778,train
8126,train
19065,train
13193,train
18886,train
7587,train
26877,train
27628,train
11619,train
16493,train
14041,train
2570,train
4753,train
4960,train
15233,train
17482,train
3098,train
19511,train
26202,train
12906,train
22069,train
24048,train
5326,train
10674,train
25213,train
27744,train
8781,train
24895,train
11461,train
20588,train
18502,train
8003,train
22100,train
26279,train
7507,train
11693,train
23454,train
18550,train
57,train
13407,train
9317,train
25349,train
5027,train
6955,train
5049,train
9306,train
15695,train
6696,train
24308,train
10615,train
15921,train
11261,train
17152,train
26617,train
16208,train
5882,train
22407,train
10863,train
10407,train
609,train
650,train
3850,train
3227,train
29073,train
21771,train
17927,train
27386,train
10358,train
5601,train
23377,train
17456,train
17138,train
20285,train
28385,train
8482,train
27894,train
20223,train
22896,train
17450,train
26939,train
10541,train
2115,train
28037,train
27058,train
26138,train
27168,train
7537,train
26107,train
23023,train
10768,train
28287,train
2800,train
22432,train
1184,train
1838,train
14113,train
14411,train
28137,train
3943,train
7051,train
639,train
16016,train
5732,train
5577,train
8904,train
18364,train
24823,train
24288,train
23752,train
28331,train
21485,train
2627,train
14426,train
9742,train
6677,train
27932,train
28185,train
7640,train
29348,train
7337,train
7243,train
24607,train
3873,train
29573,train
26957,train
22142,train
21663,train
17529,train
28592,train
26256,train
6056,train
12573,train
4984,train
27189,train
21274,train
21090,train
26010,train
24527,train
16060,train
12658,train
17417,train
26687,train
22589,train
19539,train
4367,train
28403,train
12304,train
7657,train
27072,train
16716,train
28325,train
7346,train
9906,train
7543,train
20933,train
26222,train
14617,train
17327,train
25196,train
3407,train
3642,train
11732,train
9395,train
15814,train
7140,train
2294,train
23672,train
11530,train
22745,train
11453,train
8173,train
19366,train
25172,train
4727,train
4728,train
20713,train
1089,train
25973,train
10366,train
22111,train
16798,train
18850,train
19043,train
6157,train
4633,train
3260,train
23268,train
28210,train
28575,train
1376,train
3040,train
25721,train
29260,train
15693,train
23983,train
27638,train
10554,train
2479,train
4396,train
2791,train
20329,train
11924,train
5162,train
17962,train
6560,train
7856,train
9837,train
21559,train
24864,train
300,train
13531,train
10719,train
21809,train
10611,train
29412,train
21792,train
22092,train
3369,train
19619,train
5962,train
12606,train
1769,train
16622,train
3819,train
5931,train
28367,train
7914,train
6120,train
13975,train
6593,train
14349,train
15602,train
24954,train
25562,train
3080,train
9636,train
19472,train
6645,train
3570,train
1449,train
14729,train
839,train
22582,train
22325,train
659,train
2279,train
4469,train
16411,train
27812,train
24614,train
8279,train
1545,train
26913,train
10723,train
5896,train
22626,train
29290,train
15372,train
8832,train
13616,train
26871,train
13205,train
15844,train
26836,train
21703,train
2095,train
21902,train
23747,train
3316,train
4219,train
4655,train
5088,train
1382,train
6382,train
5192,train
25762,train
27017,train
27973,train
12640,train
14368,train
4464,train
10049,train
28479,train
3024,train
18214,train
14877,train
27866,train
18188,train
27272,train
17821,train
14193,train
20564,train
18878,train
20639,train
27394,train
20882,train
12929,train
20030,train
24350,train
23260,train
22263,train
26194,train
28250,train
17514,train
11491,train
11899,train
3606,train
5844,train
4928,train
21824,train
19264,train
2970,train
25822,train
27707,train
4266,train
2773,train
27032,train
5298,train
8491,train
17812,train
9329,train
26493,train
10846,train
20076,train
23442,train
6273,train
14598,train
3651,train
9642,train
24703,train
17658,train
13897,train
28597,train
16844,train
20526,train
27974,train
8842,train
24803,train
20923,train
22752,train
7124,train
4165,train
17088,train
7380,train
16907,train
21861,train
6875,train
6656,train
4883,train
17890,train
27043,train
5870,train
5815,train
5337,train
1513,train
15610,train
10749,train
7307,train
10120,train
2111,train
27787,train
23259,train
12360,train
26867,train
19670,train
10486,train
24663,train
6583,train
25761,train
22657,train
12371,train
28045,train
9677,train
6047,train
21375,train
5963,train
28407,train
12700,train
21919,train
27410,train
1575,train
23555,train
23111,train
22431,train
21423,train
10233,train
6141,train
23126,train
25155,train
25870,train
28119,train
10433,train
12283,train
12036,train
29053,train
9406,train
12616,train
21121,train
4202,train
14983,train
25146,train
22309,train
19092,train
19453,train
15939,train
19872,train
5682,train
21639,train
22428,train
25493,train
5283,train
16749,train
24963,train
1696,train
10532,train
16065,train
1582,train
23316,train
25421,train
24793,train
19963,train
1639,train
16998,train
11059,train
14705,train
21620,train
2253,train
22281,train
24254,train
12788,train
25007,train
4122,train
22830,train
9885,train
21417,train
18110,train
29297,train
17021,train
328,train
10726,train
14605,train
5749,train
23180,train
24245,train
441,train
10482,train
21434,train
26540,train
398,train
27805,train
2909,train
16426,train
3151,train
4391,train
22316,train
18138,train
22026,train
27705,train
8682,train
11750,train
4033,train
13308,train
16285,train
22361,train
13361,train
28303,train
21578,train
9342,train
4310,train
4100,train
22302,train
15812,train
23498,train
14986,train
16843,train
19326,train
27748,train
10402,train
8431,train
25794,train
22993,train
5702,train
2003,train
1560,train
18821,train
22368,train
11193,train
9261,train
29070,train
25297,train
27230,train
27553,train
20627,train
15701,train
21444,train
7836,train
10684,train
677,train
22098,train
7781,train
22301,train
24086,train
27782,train
20689,train
12289,train
2904,train
29258,train
18220,train
2273,train
2637,train
28923,train
4896,train
26707,train
11767,train
13861,train
7245,train
4742,train
3957,train
28787,train
28503,train
20986,train
3803,train
14672,train
8206,train
171,train
5301,train
10032,train
9954,train
4347,train
1782,train
3288,train
24582,train
2467,train
8900,train
6980,train
12256,train
6253,train
1070,train
24601,train
6295,train
20371,train
19864,train
29189,train
10585,train
16455,train
26827,train
11839,train
16955,train
21046,train
27457,train
10784,train
16408,train
26179,train
14149,train
23982,train
9669,train
3913,train
10320,train
24992,train
9334,train
19076,train
28898,train
19517,train
17280,train
2865,train
18460,train
16469,train
2162,train
8627,train
12476,train
4619,train
9445,train
14328,train
25487,train
24405,train
6849,train
950,train
22393,train
21830,train
17908,train
7143,train
17634,train
8018,train
24272,train
2119,train
12721,train
26964,train
14707,train
5262,train
1929,train
2113,train
23945,train
5344,train
9830,train
19451,train
15676,train
10068,train
27301,train
28376,train
21261,train
10134,train
13895,train
16114,train
12590,train
11888,train
13950,train
16557,train
2240,train
15857,train
10876,train
26174,train
8152,train
9793,train
14253,train
5411,train
24301,train
21330,train
23215,train
10238,train
889,train
10161,train
13803,train
23024,train
12034,train
12523,train
12772,train
9873,train
11918,train
22447,train
22708,train
26517,train
4446,train
7912,train
8238,train
19079,train
6453,train
29513,train
14158,train
358,train
23201,train
13381,train
7604,train
8789,train
2664,train
9449,train
19405,train
1576,train
29172,train
29315,train
15952,train
4093,train
4435,train
2694,train
25802,train
864,train
606,train
735,train
27098,train
16635,train
2186,train
12809,train
28530,train
4462,train
24586,train
24737,train
21118,train
15569,train
5154,train
22495,train
14098,train
23597,train
3103,train
10225,train
2440,train
16327,train
22552,train
16237,train
27710,train
14569,train
4110,train
19221,train
14084,train
27570,train
22294,train
9460,train
27371,train
26491,train
4779,train
2416,train
28572,train
13949,train
27186,train
15478,train
7443,train
11679,train
4668,train
8290,train
29340,train
13305,train
10660,train
8310,train
22231,train
20196,train
16298,train
17087,train
14956,train
25374,train
2641,train
23735,train
7102,train
16169,train
14382,train
13893,train
4796,train
27593,train
19173,train
13442,train
11028,train
27374,train
162,train
11660,train
2295,train
10621,train
1130,train
20212,train
10305,train
24814,train
18173,train
8772,train
16853,train
1890,train
25434,train
14082,train
21297,train
4405,train
16231,train
16656,train
24567,train
11606,train
16315,train
17427,train
3389,train
15286,train
17005,train
12728,train
19975,train
29422,train
12141,train
3123,train
28879,train
17606,train
10376,train
7327,train
1162,train
22188,train
3455,train
13805,train
17642,train
10884,train
15560,train
24178,train
9709,train
12979,train
7615,train
19183,train
7000,train
2993,train
18263,train
5380,train
12274,train
1984,train
8978,train
7639,train
8544,train
10909,train
13712,train
10223,train
18348,train
15506,train
13629,train
16628,train
3171,train
26508,train
15821,train
24152,train
27514,train
7888,train
8462,train
11730,train
3656,train
8532,train
7372,train
23931,train
15050,train
6806,train
3137,train
21560,train
11040,train
14771,train
7871,train
18692,train
13326,train
7894,train
3438,train
10943,train
9788,train
16833,train
29459,train
28716,train
12136,train
21177,train
7680,train
26840,train
22472,train
15229,train
17359,train
14525,train
4947,train
23772,train
10108,train
14268,train
19685,train
11265,train
9247,train
17530,train
24689,train
21126,train
17911,train
21945,train
13164,train
37,train
16526,train
9361,train
13966,train
21605,train
29033,train
10931,train
24189,validation
10780,validation
8520,validation
19899,validation
23283,validation
11334,validation
27745,validation
2051,validation
810,validation
7440,validation
16858,validation
19315,validation
17694,validation
28496,validation
1753,validation
1480,validation
15566,validation
16258,validation
2882,validation
8975,validation
6555,validation
27616,validation
19940,validation
1182,validation
10901,validation
10982,validation
18897,validation
9750,validation
3649,validation
22918,validation
833,validation
7393,validation
27482,validation
1481,validation
27863,validation
23676,validation
18970,validation
10686,validation
25430,validation
12284,validation
5119,validation
1622,validation
12046,validation
1179,validation
17079,validation
11295,validation
3234,validation
15344,validation
26169,validation
8081,validation
8959,validation
23456,validation
2420,validation
4254,validation
6772,validation
29043,validation
18353,validation
24537,validation
22278,validation
10999,validation
26153,validation
2272,validation
1489,validation
2,validation
4606,validation
3289,validation
26177,validation
23085,validation
19944,validation
23540,validation
6964,validation
16073,validation
19011,validation
26633,validation
24244,validation
29595,validation
8642,validation
13565,validation
7642,validation
28008,validation
743,validation
12582,validation
23723,validation
23250,validation
28648,validation
10362,validation
23541,validation
2458,validation
29286,validation
14698,validation
28413,validation
8934,validation
12129,validation
23603,validation
8634,validation
4573,validation
23841,validation
1946,validation
4769,validation
7851,validation
8626,validation
16531,validation
21543,validation
18357,validation
25938,validation
18794,validation
11524,validation
5107,validation
16108,validation
10647,validation
13283,validation
8257,validation
13601,validation
10516,validation
8468,validation
28296,validation
15979,validation
27152,validation
15439,validation
23192,validation
26922,validation
11360,validation
508,validation
26682,validation
6530,validation
8848,validation
16256,validation
6923,validation
21440,validation
15051,validation
3408,validation
14162,validation
461,validation
20481,validation
9623,validation
8736,validation
1672,validation
27334,validation
1846,validation
24767,validation
26336,validation
16967,validation
1224,validation
24558,validation
11713,validation
21474,validation
27181,validation
24459,validation
15945,validation
25318,validation
12858,validation
21037,validation
5914,validation
29218,validation
9706,validation
9272,validation
24104,validation
1955,validation
19898,validation
9407,validation
25253,validation
1268,validation
23225,validation
2568,validation
9879,validation
9473,validation
26133,validation
4934,validation
6761,validation
18543,validation
8698,validation
3871,validation
22894,validation
6618,validation
25081,validation
27980,validation
22086,validation
2792,validation
22662,validation
16388,validation
20550,validation
3031,validation
13904,validation
16863,validation
27023,validation
13715,validation
14521,validation
14646,validation
4021,validation
28055,validation
6906,validation
22004,validation
4399,validation
6512,validation
6046,validation
2971,validation
2840,validation
20758,validation
5708,validation
2552,validation
21540,validation
1831,validation
23633,validation
23529,validation
25103,validation
11434,validation
1599,validation
25237,validation
7560,validation
16217,validation
13072,validation
28881,validation
1310,validation
22986,validation
15479,validation
12703,validation
29205,validation
15152,validation
19836,validation
23077,validation
27515,test
2361,test
5291,test
922,test
12982,test
5531,test
24491,test
6902,test
11492,test
18856,test
28354,test
28504,test
26845,test
18903,test
10997,test
4607,test
27485,test
18316,test
24675,test
6665,test
23155,test
15786,test
18433,test
6319,test
29334,test
15111,test
3354,test
17223,test
1473,test
1304,test
11981,test
6154,test
8577,test
10651,test
12121,test
691,test
17294,test
15518,test
10232,test
11424,test
21146,test
22067,test
8251,test
2743,test
11929,test
5132,test
25152,test
24794,test
7935,test
8426,test
22345,test
25151,test
12698,test
20201,test
12889,test
10948,test
6284,test
23364,test
20070,test
25836,test
14423,test
13291,test
230,test
26460,test
9359,test
10189,test
19607,test
2661,test
14838,test
6123,test
11056,test
8192,test
16032,test
18566,test
28155,test
10745,test
25024,test
19196,test
20441,test
22193,test
3413,test
12931,test
26063,test
6377,test
15839,test
4142,test
21529,test
29540,test
1068,test
19499,test
23450,test
20286,test
10235,test
9802,test
25287,test
28783,test
9605,test
23756,test
26446,test
12960,test
5381,test
8248,test
13398,test
24089,test
13806,test
23145,test
11322,test
19749,test
26477,test
12645,test
9720,test
13228,test
8770,test
10182,test
17063,test
15173,test
18456,test
980,test
2826,test
19596,test
23526,test
15172,test
5458,test
15345,test
13825,test
11418,test
22217,test
5589,test
24822,test
5179,test
25362,test
17531,test
25774,test
12600,test
26303,test
13719,test
29388,test
26363,test
12530,test
751,test
20404,test
17018,test
8995,test
20621,test
21798,test
9774,test
6059,test
11697,test
25197,test
19777,test
13015,test
2961,test
4473,test
14363,test
2672,test
27606,test
20271,test
6783,test
17850,test
17773,test
20977,test
25191,test
20242,test
29464,test
9474,test
11075,test
22940,test
12324,test
6755,test
16106,test
20775,test
1172,test
8313,test
13671,test
10906,test
6412,test
19549,test
16094,test
908,test
4135,test
9213,test
7828,test
24625,test
6502,test
7341,test
27492,test
17814,test
816,test
14950,test
16319,test
6411,test
26381,test
15770,test
12747,test
5976,test
1300,test
17116,test
15878,test
6111,test
6531,test
18829,test
19303,test
19228,test
16432,test
13081,test
19180,test
19304,test
16809,test
14356,test
28416,test
1964,test
7301,test
24497,test
9537,test
8034,test
22709,test
12653,test
20288,test
12227,test
20985,test
15194,test
21009,train
17076,train
5718,train
25436,train
26289,train
9408,train
21942,train
7113,train
13506,train
25676,train
23368,train
12705,train
11614,train
6388,train
19641,train
27188,train
22209,train
13983,train
16429,train
18983,train
29281,train
3598,train
28003,train
26151,train
13956,train
12800,train
25477,train
4049,train
21630,train
21405,train
28173,train
2522,train
3901,train
327,train
19860,train
17593,train
17999,train
18330,train
3007,train
17382,train
17167,train
3961,train
25937,train
27025,train
5397,train
9205,train
13544,train
24412,train
15087,train
22040,train
18086,train
5219,train
21350,train
3378,train
11669,train
3251,train
3885,train
11354,train
204,train
18324,train
5549,train
24256,train
9566,train
8188,train
17749,train
11141,train
2217,train
28565,train
11252,train
15574,train
19666,train
16449,train
7451,train
8902,train
484,train
25652,train
26833,train
20995,train
26569,train
13285,train
27859,train
893,train
7597,train
1118,train
4162,train
8143,train
23807,train
5685,train
25391,train
15820,train
6459,train
6175,train
2897,train
9663,train
28328,train
12687,train
25301,train
20726,train
9614,train
4810,train
10743,train
14284,train
24736,train
2326,train
3998,train
22797,train
23150,train
25018,train
4676,train
15394,train
18210,train
7342,train
2535,train
18843,train
15833,train
29587,train
11189,train
722,train
21577,train
19770,train
12744,train
27940,train
26966,train
23399,train
10793,train
2485,train
4306,train
28462,train
25831,train
11221,train
5609,train
21077,train
1202,train
5729,train
12186,train
29037,train
7184,train
13744,train
22770,train
198,train
26012,train
2316,train
19349,train
29327,train
10193,train
29646,train
3754,train
6161,train
22419,train
18980,train
5967,train
27051,train
23695,train
22147,train
9711,train
19750,train
23088,train
18755,train
6810,train
3127,train
1568,train
18680,train
18912,train
29110,train
5904,train
14745,train
6247,train
6032,train
3175,train
1584,train
13724,train
18485,train
25099,train
13878,train
29232,train
11990,train
8920,train
22330,train
18985,train
28571,train
26842,train
2086,train
2117,train
6307,train
29029,train
6477,train
14582,train
16866,train
15355,train
3762,train
3205,train
21735,train
5504,train
28368,train
20979,train
7071,train
22910,train
6638,train
10317,train
377,train
17264,train
24221,train
5724,train
28244,train
1724,train
22329,train
18554,train
14917,train
15973,train
14997,train
6373,train
23950,train
10390,train
21419,train
25067,train
3161,train
26558,train
13954,train
11413,train
21231,train
23852,train
6413,train
15391,train
15646,train
6144,train
27126,train
19650,train
17233,train
10491,train
23143,train
964,train
3166,train
18206,train
2481,train
830,train
2976,train
12859,train
4894,train
24338,train
23222,train
25712,train
8855,train
23631,train
23483,train
7617,train
11559,train
14987,train
9429,train
1567,train
13998,train
13929,train
25854,train
15330,train
14970,train
5134,train
682,train
8428,train
10250,train
13836,train
16872,train
25568,train
21674,train
22230,train
1795,train
22849,train
18658,train
8956,train
10474,train
24720,train
28430,train
3596,train
9575,train
10384,train
3560,train
22581,train
4159,train
13913,train
26977,train
19808,train
4747,train
4192,train
7496,train
24003,train
27213,train
20181,train
6102,train
912,train
27004,train
18450,train
6876,train
13537,train
3889,train
24945,train
27563,train
11126,train
3352,train
18824,train
8690,train
19141,train
3086,train
22886,train
13259,train
14568,train
22335,train
10994,train
2418,train
4672,train
18704,train
3487,train
14431,train
8587,train
17693,train
13948,train
9237,train
9895,train
20479,train
20448,train
18055,train
13607,train
18651,train
28945,train
18562,train
8518,train
10459,train
955,train
25208,train
811,train
3836,train
14714,train
10930,train
23258,train
16464,train
546,train
24096,train
10596,train
25042,train
13835,train
24159,train
22836,train
24541,train
10365,train
26365,train
10268,train
7658,train
7826,train
29332,train
24263,train
798,train
18074,train
19502,train
24395,train
16544,train
17129,train
2592,train
1735,train
13831,train
4661,train
3821,train
18545,train
27471,train
5032,train
1293,train
27899,train
8752,train
7434,train
11467,train
18189,train
10857,train
25714,train
17190,train
4041,train
443,train
351,train
17205,train
11546,train
27200,train
6963,train
11285,train
5073,train
18756,train
1048,train
5926,train
18786,train
20816,train
16991,train
5538,train
21368,train
10417,train
17022,train
27986,train
25885,train
848,train
1552,train
545,train
4199,train
6052,train
7603,train
24064,train
16395,train
4436,train
14044,train
27689,train
9233,train
1673,train
19085,train
11534,train
15715,train
7869,train
7896,train
27322,train
6619,train
2072,train
8664,train
1612,train
18248,train
8147,train
24201,train
8667,train
1260,train
2057,train
20917,train
6457,train
29527,train
27825,train
11336,train
6024,train
19659,train
9588,train
5279,train
19160,train
25903,train
25858,train
8363,train
90,train
26887,train
29287,train
19146,train
17547,train
17535,train
21365,train
9522,train
4560,train
15972,train
18734,train
11648,train
29430,train
6904,train
11841,train
28556,train
19094,train
16592,train
24285,train
22196,train
10449,train
11306,train
23415,train
11720,train
6701,train
9457,train
15571,train
2678,train
16196,train
3054,train
23963,train
26803,train
11748,train
7292,train
12417,train
1424,train
6117,train
14926,train
26859,train
5660,train
17226,train
24615,train
474,train
4940,train
9370,train
11442,train
24249,train
16873,train
29516,train
24446,train
22028,train
19144,train
7399,train
2381,train
4711,train
2151,train
27880,train
21906,train
1133,train
11599,train
18595,train
12330,train
28061,train
29518,train
14547,train
24394,train
28178,train
3562,train
15053,train
7778,train
2669,train
12378,train
5635,train
2505,train
4969,train
1225,train
12043,train
4983,train
2407,train
20723,train
27818,train
23678,train
14900,train
16296,train
16927,train
20115,train
14294,train
3202,train
4994,train
7648,train
22023,train
20797,train
169,train
3416,train
29589,train
2308,train
2074,train
23301,train
8410,train
2751,train
11055,train
4584,train
5885,train
13570,train
4575,train
21043,train
28680,train
8458,train
4697,train
7297,train
3600,train
2768,train
641,train
15520,train
29325,train
18028,train
29434,train
13676,train
457,train
5758,train
25526,train
29091,train
21882,train
23365,train
3216,train
8406,train
17585,train
6078,train
23964,train
25604,train
23425,train
19800,train
475,train
13059,train
18103,train
17611,train
19733,train
2228,train
1258,train
26734,train
26507,train
12157,train
22576,train
18953,train
6249,train
25077,train
22577,train
19730,train
193,train
18948,train
12130,train
7149,train
6409,train
20431,train
28780,train
7498,train
21597,train
28543,train
21389,train
6441,train
25113,train
22369,train
20447,train
15083,train
1752,train
12689,train
543,train
20743,train
24280,train
1198,train
14556,train
17937,train
8440,train
18127,train
28796,train
14500,train
24753,train
23294,train
5712,train
19256,train
17308,train
23575,train
17415,train
7799,train
28227,train
22757,train
20925,validation
6050,validation
5769,validation
16392,validation
29217,validation
3042,validation
25600,validation
10124,validation
11299,validation
10342,validation
11037,validation
279,validation
24971,validation
13092,validation
5006,validation
5884,validation
8027,validation
15974,validation
19761,validation
16919,validation
6650,validation
3973,validation
1124,validation
22944,validation
9890,validation
26935,validation
2619,validation
12984,validation
7008,validation
26413,validation
205,validation
5143,validation
29283,validation
9327,validation
13422,validation
23859,validation
25453,validation
14243,validation
9581,validation
12165,validation
14841,validation
16135,validation
5293,validation
11775,validation
7079,validation
23826,validation
1281,validation
29358,validation
10374,validation
24661,validation
24588,validation
4415,validation
11090,validation
942,validation
22156,validation
23549,validation
6043,validation
8845,validation
23060,validation
18261,validation
21671,validation
3419,validation
12714,validation
13771,validation
15546,validation
6649,validation
18994,validation
9510,validation
9786,validation
8256,validation
2179,validation
23167,validation
3582,validation
14180,validation
24519,validation
28562,validation
3283,validation
19164,validation
1665,validation
2368,validation
1018,validation
4326,validation
4284,validation
14797,validation
6700,validation
6048,validation
26183,validation
25200,validation
9088,validation
28524,validation
13200,validation
12282,validation
22104,validation
8493,validation
8952,validation
29063,validation
10990,validation
14364,validation
27158,validation
23414,validation
27858,validation
22389,validation
10173,validation
12042,validation
928,validation
8263,validation
23273,validation
6302,validation
19776,validation
16069,validation
2688,validation
16938,validation
25285,validation
21666,validation
4420,validation
7365,validation
19771,validation
14821,validation
1800,validation
3938,validation
8314,validation
20124,validation
2138,validation
17234,validation
20291,validation
25439,validation
27582,validation
7599,validation
3065,validation
15864,validation
11961,validation
4699,validation
5581,test
4,test
20262,test
1062,test
25977,test
19119,test
1057,test
2774,test
9727,test
9113,test
4654,test
1076,test
2502,test
18832,test
22450,test
10860,test
23539,test
23209,test
22988,test
11174,test
8453,test
3823,test
934,test
4975,test
15019,test
142,test
28896,test
4307,test
21904,test
28249,test
2598,test
15961,test
13623,test
18020,test
4300,test
250,test
24853,test
25987,test
26129,test
2788,test
2404,test
11361,test
19374,test
9631,test
19658,test
4501,test
10079,test
4645,test
19999,test
6734,test
8365,test
6511,test
13696,test
29564,test
6101,test
19185,test
12143,test
15868,test
15663,test
6592,test
9001,test
3295,test
11255,test
9820,test
918,test
15072,test
12961,test
4323,test
13726,test
12486,test
13814,test
1591,test
9250,test
26154,test
1982,test
22360,test
15544,test
20753,test
4577,test
6719,test
2387,test
8722,test
9752,test
18743,test
13233,test
12201,test
25045,test
12814,test
11081,test
16451,test
18030,test
23470,test
2754,test
4309,test
14874,test
6960,test
6164,test
26648,test
6283,test
18337,test
4272,test
28295,test
3061,test
7294,test
27252,test
29039,test
19274,test
1374,test
12432,test
24293,test
16162,test
8741,test
16705,test
9710,test
7721,test
15559,test
13769,test
661,test
27951,test
6367,test
6864,test
26335,test
19392,test
27583,test
8029,test
29576,test
17133,test
19201,test
24199,test
28721,test
23095,test
22464,test
4402,test
17252,test
12791,train
8795,train
8362,train
272,train
27346,train
14652,train
24910,train
2197,train
18996,train
25835,train
1209,train
6474,train
4599,train
13468,train
11688,train
3496,train
9561,train
19056,train
19913,train
13415,train
25179,train
93,train
13429,train
1842,train
9416,train
3334,train
4360,train
16401,train
12122,train
9569,train
16136,train
4114,train
13672,train
9978,train
28900,train
16620,train
9125,train
12430,train
613,train
27140,train
26533,train
17381,train
12394,train
27611,train
21815,train
26431,train
12850,train
803,train
11389,train
9754,train
23366,train
15155,train
29272,train
25022,train
19541,train
24903,train
8712,train
27886,train
15035,train
27704,train
3707,train
29566,train
22853,train
13739,train
26367,train
12568,train
28263,train
2649,train
7673,train
26286,train
3265,train
989,train
21642,train
19916,train
18252,train
16407,train
22559,train
8580,train
10562,train
25975,train
23233,train
13959,train
5739,train
16930,train
9009,train
18278,train
23612,train
27715,train
4386,train
1989,train
3181,train
4062,train
24571,train
85,train
20517,train
25855,train
25618,train
13362,train
29237,train
1484,train
1714,train
12449,train
7175,train
9390,train
14291,train
4710,train
28079,train
1476,train
7061,train
12334,train
20699,train
17992,train
4180,train
24227,train
17869,train
5843,train
7839,train
24080,train
27577,train
14378,train
21654,train
15298,train
29621,train
23627,train
25683,train
26385,train
27631,train
6473,train
25000,train
6327,train
15641,train
17378,train
18131,train
28835,train
13875,train
25752,train
414,train
22511,train
16452,train
27581,train
8727,train
7955,train
10323,train
12820,train
13554,train
4453,train
19176,train
6820,train
25282,train
10672,train
29369,train
21800,train
23229,train
12939,train
14461,train
9016,train
26614,train
22677,train
22828,train
17613,train
27757,train
20023,train
6726,train
13342,train
5493,train
16707,train
16633,train
19339,train
12968,train
26226,train
20708,train
20656,train
17034,train
1901,train
28642,train
20870,train
7285,train
5390,train
15512,train
28484,train
8637,train
7240,train
17583,train
15308,train
6775,train
3681,train
4302,train
24620,train
12647,train
18031,train
24312,train
6384,train
14384,train
17193,train
2448,train
3101,train
12806,train
24987,train
7788,train
9117,train
1095,train
27451,train
16865,train
19522,train
20512,train
4007,train
11082,train
12137,train
361,train
14419,train
16020,train
15283,train
17942,train
23664,train
18810,train
16078,train
9828,train
6041,train
25382,train
10461,train
2810,train
5974,train
25674,train
24380,train
29382,train
10911,train
24947,train
2727,train
11098,train
14654,train
11159,train
20669,train
25017,train
13447,train
19734,train
28778,train
17486,train
28222,train
25889,train
13165,train
763,train
14239,train
8016,train
25636,train
18387,train
23984,train
26011,train
252,train
16044,train
23220,train
15854,train
16763,train
13268,train
4190,train
12690,train
12037,train
21963,train
14497,train
24081,train
28267,train
8728,train
12494,train
24896,train
20489,train
20988,train
21854,train
6568,train
2834,train
5567,train
8026,train
1322,train
13404,train
16360,train
7926,train
7062,train
26430,train
25753,train
13462,train
14076,train
5954,train
18204,train
15431,train
26230,train
26875,train
5233,train
27035,train
26090,train
26248,train
10592,train
23981,train
22326,train
25663,train
25052,train
14710,train
9004,train
2334,train
2267,train
21884,train
17443,train
6869,train
6759,train
26055,train
12527,train
3162,train
668,train
11079,train
1904,train
28047,train
20840,train
15452,train
25454,train
10496,train
7189,train
219,train
10318,train
24208,train
14135,train
13369,train
16598,train
5250,train
29113,train
5829,train
580,train
1906,train
24877,train
12632,train
26424,train
21111,train
5761,train
6450,train
29554,train
3250,train
3456,train
26268,train
12084,train
4686,train
454,train
1679,train
25784,train
5386,train
27551,train
12171,train
21769,train
2271,train
23272,train
28584,train
15017,train
16987,train
5873,train
19945,train
27014,train
16511,train
21731,train
17553,train
22761,train
17462,train
16255,train
7990,train
8846,train
15534,train
9851,train
22636,train
655,train
448,train
20896,train
26761,train
7717,train
9587,train
17581,train
14281,train
19901,train
27580,train
21568,train
20198,train
16818,train
567,train
643,train
14517,train
5067,train
7608,train
10528,train
19598,train
17375,train
16966,train
6,train
27260,train
9180,train
19778,train
25961,train
10835,train
371,train
7846,train
19869,train
14732,train
3883,train
14964,train
20867,train
2907,train
1711,train
6996,train
5216,train
28851,train
9436,train
22175,train
23761,train
26907,train
14340,train
4230,train
28641,train
21296,train
14330,train
17944,train
9351,train
14912,train
16294,train
8284,train
24785,train
21966,train
21759,train
22085,train
11459,train
137,train
12126,train
15711,train
19578,train
14028,train
21512,train
4795,train
16573,train
4970,train
10829,train
10741,train
22852,train
3217,train
12856,train
11024,train
10675,train
8333,train
27446,train
27637,train
9326,train
13091,train
5277,train
16030,train
20721,train
14455,train
9886,train
16001,train
12273,train
16173,train
28742,train
7705,train
7258,train
8511,train
28549,train
12403,train
11735,train
11091,train
22822,train
4332,train
28678,train
15,train
10259,train
3482,train
10113,train
15859,train
20191,train
22715,train
17859,train
11332,train
8053,train
1537,train
11952,train
11378,train
2918,train
7993,train
4620,train
11414,train
7664,train
19983,train
15955,train
26664,train
2561,train
7675,train
6730,train
2738,train
25316,train
11870,train
7232,train
22456,train
12757,train
24602,train
2043,train
5796,train
14904,train
29201,train
11134,train
17685,train
9347,train
21014,train
1366,train
7965,train
18660,train
1826,train
6126,train
7192,train
12509,train
247,train
29024,train
24786,train
15062,train
19012,train
9959,train
26364,train
19216,train
20620,train
5823,train
17705,train
27887,train
4965,train
14775,train
16179,train
21641,train
17928,train
15528,train
15698,train
2433,train
8078,train
3577,train
22782,train
9389,train
24751,train
3515,train
22114,train
2053,train
11457,train
7527,train
24611,train
10377,train
21049,train
26622,train
28540,train
11411,train
280,train
28019,train
7328,train
19871,train
29421,train
24007,train
25728,train
23655,train
15162,train
18504,train
9107,train
19214,train
24397,train
23471,train
9170,train
5995,train
19581,train
15392,train
28637,train
3259,train
21709,train
14515,train
16300,train
24241,train
7583,train
29196,train
21134,train
11250,train
13321,train
27065,train
13905,train
7684,train
21583,train
2762,train
21492,train
21034,train
17186,train
17785,train
5526,train
27064,train
14187,train
10522,train
12281,train
12285,train
16570,train
21990,train
10751,train
4679,train
13738,train
12796,train
10644,train
1272,train
8834,train
19902,train
6509,train
5733,train
25963,train
2399,train
5572,train
7967,train
1688,train
11440,train
3720,train
9396,train
21974,train
25333,train
9797,train
21378,train
8950,train
5289,train
16959,train
1321,train
4995,train
26035,train
325,train
10537,train
3094,train
2785,train
2249,train
20161,train
1105,train
25693,train
28147,train
19486,train
18395,train
6168,train
15893,train
29009,train
9068,train
21078,train
16212,train
13402,train
28150,train
21749,train
7486,train
768,train
6528,train
2184,train
16813,train
29582,train
8298,train
8209,train
25274,train
29405,train
6218,train
1705,train
26219,train
18056,train
24311,train
26496,train
5681,train
3955,train
22076,train
5058,train
21892,train
3400,train
17605,train
17647,train
8424,train
26094,train
25235,train
9766,train
28002,train
24488,train
7449,train
26124,train
20310,train
7359,train
14502,train
26375,train
18971,train
20407,train
1631,train
15184,train
7831,train
18154,train
1336,train
28705,train
8496,train
19930,train
9087,train
23619,train
5632,train
15652,train
71,train
10295,train
2892,train
15052,train
7277,train
6798,train
12538,train
16133,train
11936,train
8181,train
20691,train
6334,train
264,train
13176,train
15054,train
3082,train
13711,train
2681,train
10285,train
8200,train
2517,train
14828,train
593,train
504,train
19654,train
23944,train
238,train
144,train
13199,train
24516,train
18195,train
20180,train
11575,train
2233,train
9497,train
8038,train
12532,train
28023,train
15451,train
1951,train
25980,train
710,train
24390,train
24479,train
20429,train
7982,train
26504,train
25153,train
19936,train
19663,train
12489,train
5198,train
17256,train
21390,train
2133,train
15006,train
24340,train
5203,train
15302,train
26843,train
13485,train
2937,train
20992,train
11718,train
29168,train
11433,train
26186,train
18179,train
2216,train
29630,train
2414,train
22268,train
5799,train
18739,train
29568,train
23649,train
18064,train
28531,train
14888,train
6576,train
23951,train
22756,train
21192,train
5461,train
5700,train
5370,train
6214,train
21435,train
1327,train
16159,train
17501,train
7385,train
794,train
20980,train
17522,train
22438,train
1404,train
22995,train
15424,train
11708,train
3241,train
21723,train
8149,train
7136,train
4502,train
27480,train
12591,train
17753,train
23463,train
6271,train
20984,train
2556,train
21938,train
27883,train
24063,train
20760,train
12732,train
13340,train
14511,train
12849,train
28097,train
27166,train
10170,validation
29274,validation
29221,validation
26967,validation
1960,validation
26180,validation
26876,validation
18752,validation
4991,validation
7452,validation
21059,validation
17404,validation
13482,validation
8373,validation
28203,validation
26918,validation
18432,validation
5917,validation
25812,validation
9944,validation
27481,validation
25793,validation
7405,validation
19816,validation
9148,validation
19648,validation
24123,validation
3940,validation
21471,validation
28174,validation
7429,validation
9533,validation
24739,validation
25743,validation
11672,validation
1947,validation
6479,validation
20208,validation
24744,validation
2442,validation
5663,validation
28291,validation
22610,validation
18641,validation
18496,validation
9093,validation
3148,validation
18294,validation
29208,validation
10361,validation
22492,validation
388,validation
4002,validation
7580,validation
10054,validation
28822,validation
18805,validation
16916,validation
16954,validation
26711,validation
14459,validation
26046,validation
24679,validation
18645,validation
27080,validation
27496,validation
15622,validation
29275,validation
17706,validation
3467,validation
26878,validation
17032,validation
3785,validation
6300,validation
23675,validation
9833,validation
1427,validation
16309,validation
26565,validation
4745,validation
19912,validation
18335,validation
9236,validation
5038,validation
25280,validation
6454,validation
12566,validation
12035,validation
13558,validation
4468,validation
26973,validation
22227,validation
6633,validation
29359,validation
24442,validation
25548,validation
87,validation
19179,validation
23501,validation
13969,validation
2949,validation
13323,validation
21743,validation
27608,validation
28105,validation
22595,validation
25043,validation
1111,validation
20907,validation
6907,validation
26790,validation
1429,validation
2981,validation
4688,validation
13222,validation
24268,validation
25384,validation
20243,validation
15765,validation
20020,validation
292,validation
20576,validation
8812,validation
15615,validation
11537,validation
28195,validation
15460,validation
22208,validation
15157,validation
27239,validation
6233,validation
5416,validation
10037,validation
1284,validation
11751,validation
26384,validation
861,validation
18205,validation
26931,validation
915,validation
18757,validation
9176,validation
26125,validation
20515,validation
4252,validation
21489,validation
7825,validation
9051,validation
25626,validation
25551,validation
9102,validation
7977,validation
5895,validation
12819,validation
29394,validation
20835,validation
3653,validation
10191,validation
29371,validation
29510,validation
14270,validation
25409,validation
9968,validation
3668,validation
13336,validation
7106,validation
12866,validation
18582,validation
8983,validation
27313,validation
8386,validation
16101,validation
8455,validation
9196,test
6338,test
23431,test
6749,test
16797,test
64,test
1155,test
29330,test
1087,test
485,test
11734,test
10744,test
12763,test
28117,test
11737,test
9240,test
7902,test
974,test
20641,test
15662,test
12595,test
7371,test
19909,test
21521,test
4448,test
3674,test
1762,test
19931,test
24173,test
26285,test
12431,test
7360,test
12107,test
13432,test
14512,test
16942,test
15150,test
27565,test
21103,test
13532,test
1985,test
7959,test
27463,test
14763,test
14616,test
5942,test
19824,test
15810,test
18045,test
7605,test
1218,test
2744,test
19376,test
22966,test
5121,test
25488,test
9324,test
4184,test
4103,test
26933,test
16284,test
27518,test
1402,test
1148,test
1294,test
422,test
1454,test
1373,test
17118,test
13871,test
8061,test
29544,test
16263,test
4015,test
21928,test
3490,test
23357,test
7493,test
4503,test
11076,test
7227,test
10122,test
25910,test
22205,test
2044,test
8844,test
7023,test
16829,test
13136,test
12970,test
4741,test
17245,test
4227,test
12189,test
3648,test
26702,test
2406,test
12162,test
6481,test
11683,test
8924,test
27090,test
2454,test
6976,test
20643,test
25389,test
5849,test
11473,test
2534,test
6495,test
5944,test
4659,test
24649,test
19653,test
14963,test
21097,test
29615,test
895,test
10570,test
13019,test
16005,test
14052,test
23551,test
8444,test
22042,test
23698,test
10666,test
29093,test
28868,test
24053,test
16709,test
27821,test
27291,test
13355,test
8176,test
11464,test
22687,test
28941,test
21698,test
7739,test
3546,test
10498,test
7917,test
4247,test
5713,test
21845,test
8669,test
27983,test
1630,test
19647,test
8409,test
277,test
19792,test
25131,test
7956,test
3068,test
7745,test
22543,test
15106,test
18862,test
10095,test
6044,test
1407,test
6944,test
11399,test
23757,test
2930,test
24414,test
14927,test
6808,test
9619,test
10357,test
9564,test
8861,test
2085,test
23571,train
24218,train
4336,train
685,train
16363,train
28283,train
12997,train
23413,train
29036,train
945,train
26662,train
26492,train
4364,train
13595,train
15456,train
28228,train
24904,train
18234,train
29558,train
28831,train
7476,train
17336,train
16389,train
11969,train
19516,train
13001,train
20491,train
10907,train
14876,train
11452,train
4902,train
15304,train
28696,train
12450,train
27097,train
4143,train
19328,train
1667,train
4906,train
18508,train
3721,train
7911,train
24426,train
19631,train
19888,train
5407,train
24535,train
8661,train
16961,train
8988,train
15008,train
3611,train
20725,train
6456,train
6179,train
24144,train
29190,train
16096,train
24683,train
21695,train
17844,train
25544,train
14643,train
6847,train
11436,train
4048,train
29058,train
18722,train
263,train
6245,train
28679,train
26457,train
10117,train
5582,train
3933,train
9040,train
16893,train
17213,train
2177,train
22160,train
22848,train
29020,train
6735,train
14759,train
28048,train
10949,train
19571,train
4171,train
946,train
16303,train
2166,train
1465,train
14275,train
27121,train
1342,train
26309,train
12933,train
13915,train
2621,train
21591,train
27390,train
1859,train
17728,train
4222,train
26476,train
10954,train
24955,train
15203,train
2913,train
25338,train
8461,train
9089,train
9106,train
16398,train
10867,train
8807,train
1096,train
6083,train
14386,train
1350,train
18312,train
11320,train
9591,train
11485,train
18691,train
15336,train
20284,train
20003,train
678,train
8156,train
29181,train
29593,train
26554,train
12622,train
11023,train
13567,train
8109,train
24772,train
28859,train
3229,train
24017,train
3629,train
9124,train
20975,train
19896,train
26683,train
15122,train
11308,train
25107,train
2868,train
22498,train
4552,train
9291,train
12827,train
18816,train
4368,train
29528,train
25630,train
3486,train
18042,train
23816,train
10328,train
7879,train
13397,train
7076,train
29501,train
15476,train
317,train
11585,train
27207,train
2513,train
21944,train
27261,train
28622,train
10300,train
3750,train
16972,train
25498,train
8917,train
12099,train
24578,train
21466,train
366,train
22553,train
20943,train
10462,train
10490,train
6296,train
19877,train
9598,train
26815,train
10204,train
5086,train
7472,train
6710,train
16997,train
22587,train
20770,train
27475,train
28046,train
9849,train
16086,train
13226,train
27495,train
16079,train
29406,train
9060,train
25969,train
17457,train
18789,train
27804,train
27613,train
19015,train
4547,train
5701,train
9321,train
27816,train
2542,train
487,train
15166,train
22391,train
5637,train
17912,train
22261,train
10646,train
5614,train
28548,train
6746,train
25352,train
15202,train
20976,train
13262,train
29224,train
3571,train
8030,train
18720,train
24652,train
9947,train
8366,train
8994,train
20157,train
7361,train
15030,train
14871,train
9759,train
9007,train
11763,train
10698,train
29353,train
21651,train
22569,train
788,train
20673,train
12579,train
305,train
6116,train
13787,train
18071,train
29139,train
4865,train
25643,train
15096,train
22632,train
25867,train
9607,train
8750,train
23279,train
16185,train
7284,train
26708,train
9159,train
9911,train
9827,train
10679,train
7746,train
26255,train
4251,train
10574,train
16346,train
14513,train
4586,train
9945,train
14453,train
27454,train
18339,train
4387,train
27059,train
13770,train
26486,train
8799,train
4043,train
8963,train
5528,train
4290,train
616,train
5645,train
28171,train
13723,train
983,train
11219,train
2739,train
17492,train
1680,train
27265,train
19124,train
5441,train
18992,train
26053,train
27474,train
18877,train
1532,train
10794,train
14947,train
22601,train
5864,train
5788,train
10269,train
23920,train
25970,train
26298,train
631,train
17856,train
9304,train
22380,train
21016,train
3615,train
28535,train
4616,train
2146,train
25861,train
9589,train
3367,train
9061,train
15917,train
4778,train
27685,train
17502,train
3454,train
15867,train
2589,train
8449,train
3563,train
23367,train
10116,train
24991,train
14400,train
4482,train
8163,train
1956,train
342,train
22378,train
7218,train
14814,train
20677,train
8322,train
25025,train
3440,train
4178,train
4603,train
22415,train
28042,train
4642,train
20543,train
3771,train
3666,train
27620,train
8768,train
11834,train
10080,train
16806,train
6578,train
18788,train
13995,train
1598,train
11976,train
13888,train
8879,train
18544,train
5779,train
29150,train
10912,train
11121,train
11476,train
11239,train
15458,train
15785,train
4145,train
5248,train
14107,train
10197,train
28116,train
3541,train
10657,train
11149,train
18092,train
13525,train
18815,train
25414,train
10773,train
12833,train
7382,train
23694,train
27302,train
12752,train
7177,train
14614,train
11009,train
8070,train
16876,train
11248,train
28578,train
29436,train
6159,train
3619,train
28588,train
28230,train
27104,train
4612,train
19063,train
13372,train
17698,train
23386,train
9950,train
14032,train
18410,train
19990,train
17897,train
9257,train
15430,train
15390,train
4819,train
5230,train
17806,train
14074,train
10275,train
3117,train
23663,train
8749,train
29553,train
28196,train
14800,train
8140,train
18870,train
23580,train
11034,train
13235,train
25437,train
16717,train
5276,train
27910,train
28309,train
355,train
29173,train
29269,train
17346,train
28421,train
468,train
14518,train
6886,train
3525,train
20565,train
1001,train
16474,train
26290,train
5911,train
28469,train
14471,train
27366,train
884,train
27046,train
15523,train
6201,train
10502,train
17603,train
12498,train
21402,train
15457,train
8536,train
13444,train
24595,train
26276,train
28980,train
25050,train
20418,train
23166,train
5689,train
23652,train
17033,train
21821,train
11821,train
253,train
10671,train
19883,train
15034,train
986,train
5155,train
5193,train
16587,train
15780,train
2226,train
27448,train
7555,train
6732,train
13317,train
20092,train
8707,train
23740,train
5831,train
28132,train
18950,train
11628,train
7984,train
24861,train
28458,train
10590,train
21355,train
21490,train
21856,train
2206,train
25402,train
3112,train
24022,train
6045,train
8041,train
29478,train
12313,train
5968,train
16977,train
29044,train
8652,train
26115,train
4157,train
11288,train
25641,train
10924,train
15120,train
5945,train
18155,train
9651,train
7662,train
1776,train
10178,train
28298,train
21744,train
3071,train
19500,train
10756,train
4170,train
11832,train
24700,train
4925,train
15640,train
25381,train
29068,train
6800,train
24088,train
23165,train
2232,train
21875,train
17564,train
239,train
8852,train
17521,train
4246,train
6539,train
15437,train
1064,train
27414,train
20767,train
1460,train
29617,train
16871,train
20539,train
14815,train
23008,train
13760,train
13282,train
5462,train
969,train
8686,train
18301,train
2375,train
14953,train
7280,train
26390,train
21760,train
10112,train
19748,train
5665,train
28453,train
19457,train
2405,train
17734,train
6289,train
5992,train
27641,train
19599,train
28660,train
10641,train
19845,train
6580,train
3837,train
18773,train
22831,train
19098,train
14861,train
12175,train
18525,train
25365,train
14635,train
1733,train
20405,train
29489,train
20906,train
13886,train
6127,train
11048,train
634,train
7235,train
24693,train
27075,train
544,train
20324,train
29347,train
26071,train
27362,train
5358,train
27050,train
22566,train
7989,train
21244,train
24686,train
29457,train
2013,train
27920,train
21343,train
13602,train
2196,train
16753,train
22411,train
15747,train
26598,train
23778,train
14594,train
18100,train
18984,train
6308,train
24832,train
16442,train
5077,train
10976,train
9387,train
25504,train
20111,train
5699,train
16483,train
25224,train
14865,train
13105,train
8346,train
10439,train
24470,train
2900,train
13341,train
2847,train
10941,train
24243,train
26016,train
7353,train
16566,train
15317,train
28101,train
12891,train
27969,train
10676,train
23007,train
13987,train
18945,train
20183,train
9551,train
15086,train
12091,train
3946,train
27489,train
13777,train
15246,train
6407,train
29642,train
27108,train
14049,train
29011,train
20757,train
26076,train
28090,train
20745,train
21842,train
2616,train
25267,train
3586,train
25692,train
20357,train
15869,train
24594,train
6733,train
223,train
2787,train
14256,train
9673,train
6899,train
20035,train
2277,train
7671,train
20624,train
2183,train
16244,train
10882,train
10444,train
3892,train
23370,train
26475,train
16115,train
992,train
19432,train
19690,train
7298,train
18449,train
11001,train
29280,train
12408,train
8069,train
21105,train
13237,train
21188,train
21212,train
2676,train
9645,train
12502,train
6651,train
12554,train
9821,train
14428,train
17817,train
25035,train
14535,train
11300,train
10722,train
28375,train
16706,train
11008,train
16616,train
1510,train
5905,train
28115,train
24029,train
19041,train
18009,train
26636,train
9401,train
16446,train
18223,train
20912,train
29531,train
10623,train
15558,train
5059,train
4977,train
828,train
5837,train
17498,train
14738,train
14089,train
20301,train
28685,train
18900,train
21608,train
27832,train
26159,train
25231,train
15783,train
13610,train
27847,train
26680,train
10088,train
19008,train
16246,train
12444,train
22073,train
22834,train
10841,train
8658,train
432,train
17804,train
1977,train
11758,train
550,train
19960,train
19334,train
8903,train
10993,train
4860,train
6626,train
17790,train
16640,train
17786,train
3854,train
6061,train
12629,train
26086,train
27507,train
17822,train
24738,train
7022,train
24455,train
4001,train
11755,train
15633,train
1839,train
3439,train
29207,train
10952,train
17994,train
14061,train
14957,train
24101,train
20651,train
28219,train
23270,train
8433,train
18991,train
9543,train
13119,train
17335,train
929,train
16794,train
15800,train
20052,train
1736,train
21833,train
14374,train
23343,train
13666,train
25425,train
29523,train
10694,train
1779,train
24603,train
23926,train
14999,train
27914,train
11243,train
47,train
29087,train
11490,train
28978,train
16784,train
26249,train
1529,train
14302,train
23918,train
13126,train
20247,train
11653,train
8320,train
20482,train
7105,train
28252,train
2476,train
25959,train
14166,train
20834,train
21307,train
4012,train
27747,train
2747,train
12089,train
14125,train
12503,train
16416,train
812,train
3757,train
2702,train
14666,train
28903,train
20260,train
28301,train
16276,train
21862,train
15468,train
24806,train
14024,train
11428,train
21704,train
5296,train
24533,train
6410,train
28265,train
13634,train
9158,train
27933,train
10755,train
829,train
12553,train
28292,train
18422,train
19769,train
4768,train
2058,train
9447,train
21496,train
21710,train
25016,train
23248,train
9242,train
14852,train
5244,train
26008,train
12328,train
4621,train
21135,train
6098,train
988,train
5365,train
23427,train
9647,train
22453,train
27393,train
16779,train
14504,train
9920,train
9075,train
24388,train
11597,train
29636,train
25188,train
12454,train
4491,train
28552,train
3626,train
26574,train
1319,train
29392,train
8916,train
18802,train
704,train
5592,train
16499,train
25543,train
18419,train
6946,train
10011,train
640,train
25047,train
23900,train
19249,train
5604,train
20449,train
10137,train
12639,train
7199,train
20502,train
2201,train
26892,train
29273,train
19480,train
5122,train
1852,train
4151,train
14055,train
5557,train
444,train
18191,train
8998,train
10084,train
20300,train
20095,train
5030,train
17353,train
22934,train
5436,train
12379,train
29254,train
2557,train
6018,train
10512,train
10020,train
8778,train
17508,train
25584,train
22613,train
5676,train
10975,train
23293,train
23888,train
25935,train
23562,train
23823,train
5004,train
26575,train
29387,train
5827,train
11959,train
4218,train
20807,train
2324,train
6855,train
1799,train
7573,train
9008,train
9936,train
19020,train
2327,train
6736,train
4751,train
13141,train
23608,train
11369,train
28254,train
996,train
18046,train
12679,train
10807,train
4849,train
15465,train
1194,train
23751,train
21089,train
23306,train
22262,train
12252,train
29391,train
22041,train
13431,train
24472,train
5933,train
25896,train
24396,train
11346,train
23249,train
28936,train
1056,train
23610,train
3484,train
13000,train
29263,train
18908,train
15488,train
25400,train
6908,train
8162,train
3696,train
23296,train
12766,train
2717,train
23594,train
10682,train
26915,train
745,train
22348,train
22044,train
6852,train
29428,train
24049,train
21243,train
25968,train
28865,train
717,train
17341,train
14843,train
14434,train
10327,train
17003,train
16724,train
3706,train
17007,train
9388,train
5264,train
1802,train
26034,train
20609,train
21393,train
3195,train
9228,train
23050,train
23733,train
2734,train
26997,train
22097,train
28262,train
21278,train
16195,train
20433,train
6936,train
25096,train
2282,train
27149,train
4331,train
16564,train
15539,train
13588,train
13053,train
10821,train
26699,train
6758,train
25112,train
10093,train
28661,train
20532,train
9507,train
7750,train
3346,train
16619,train
5052,train
1602,train
26539,train
2262,train
23120,train
12463,train
10708,train
17609,train
7577,train
11296,train
28598,train
24225,train
26934,train
29435,train
20112,train
26189,train
1115,train
26149,train
26051,train
9078,train
7751,train
23001,train
10905,train
7549,train
12472,train
22413,train
27084,train
5600,train
8255,train
11518,train
5161,train
14238,train
3333,train
25363,train
22819,train
926,train
26208,train
17915,train
2256,train
23052,train
16039,train
21007,train
25660,train
28095,train
8636,train
26837,train
29246,train
1428,train
7010,train
19624,train
17746,train
9929,train
5892,train
2315,train
26278,train
1515,train
19597,train
18665,train
25243,train
21927,train
14201,train
20830,train
11598,train
24908,train
27749,train
29365,train
23658,train
24055,train
3058,train
5318,train
25426,train
19758,train
3936,train
5782,train
22367,train
8398,train
139,train
23164,train
3204,train
6812,train
14863,train
177,train
11323,train
5084,train
3684,train
3106,train
4675,train
25466,train
18553,train
1565,train
12484,train
13120,train
17836,train
9528,train
19007,train
22844,train
15702,train
7996,train
15787,train
22318,train
28214,train
23581,train
16390,train
15383,train
27434,train
8336,train
10421,train
21282,train
28093,train
29370,train
3478,train
7576,train
25148,train
9560,train
17270,train
28151,train
5652,train
10262,train
22661,train
16405,train
2090,train
17265,train
19470,train
14675,train
2917,train
14735,train
2793,train
878,train
7430,train
15841,train
23244,train
15318,train
24090,train
22771,train
13394,train
10661,train
12660,train
2862,train
9962,train
7862,train
26300,train
28277,train
9615,train
20859,train
22953,train
12989,train
18016,train
8687,train
5680,train
14420,train
9712,train
14694,train
8050,train
22604,train
1821,train
21713,train
28465,train
23528,train
1530,train
5667,train
25857,train
7011,train
10873,train
11782,train
2252,train
17356,train
17965,train
9419,train
23378,train
19062,train
24670,train
5867,train
29476,train
20508,train
2389,train
22362,train
1564,train
2397,train
5952,train
29623,train
28005,train
28310,train
19505,train
12048,train
7952,train
25273,train
6345,train
14855,train
18648,train
13943,train
28017,train
4029,train
13887,train
28266,train
2713,train
20921,train
13846,train
19195,train
17668,train
23587,train
1136,train
20016,train
4127,train
5781,train
25130,train
10334,train
14531,train
11293,train
13626,train
2374,train
4760,train
7515,train
14146,train
22242,train
28537,train
7877,train
21692,train
19593,train
17957,train
2181,train
9466,train
6728,train
22526,train
25177,train
18688,train
23591,train
13842,train
10215,train
17232,train
8648,train
4068,train
4434,train
12649,train
19456,train
29413,train
11235,train
3215,train
3952,train
22590,train
24425,train
5486,train
2291,train
16597,train
11143,train
21305,train
19497,train
8269,train
28534,train
27238,train
2050,train
26895,train
5616,train
12841,train
8506,train
18956,train
23418,train
17240,train
19329,train
24508,train
28762,train
20920,train
21086,train
3404,train
1227,train
8755,train
24196,train
19606,train
29303,train
9508,train
2474,train
28030,train
27259,train
4923,train
15351,train
7367,train
25754,train
11338,train
23397,train
19962,train
5494,train
20598,train
24374,train
24623,train
2982,train
6005,train
1451,train
28965,train
12473,train
1541,train
984,train
18267,train
13807,train
9363,train
14601,train
13859,train
21318,train
15879,train
22964,train
3385,train
25982,train
2276,train
6383,train
21426,train
62,train
14516,train
3777,train
20313,train
27171,train
22862,train
28054,train
17072,train
29006,train
11913,train
27824,train
17990,train
22286,train
19720,train
1962,train
12458,train
5430,train
23390,train
18669,train
3542,train
27278,train
970,train
9135,train
132,train
6620,train
6451,train
26520,train
26799,train
12870,train
19174,train
23517,train
565,train
17931,train
13934,train
26581,train
29505,train
12329,train
1219,train
4474,train
26399,train
8498,train
23696,train
8127,train
28423,train
11859,train
558,train
26331,train
11651,train
24959,train
1596,train
15505,train
20194,train
14982,train
16320,train
19608,train
14711,train
27923,train
6919,train
6623,train
22342,train
6239,train
27416,train
25880,train
1824,train
22091,train
9580,train
9031,train
896,train
8056,train
21530,train
21033,train
11556,train
27971,train
14387,train
21556,train
11569,train
28351,train
18560,train
19752,train
17892,train
13132,train
23000,train
16621,train
2024,train
22460,train
7681,train
12113,train
21730,train
21549,train
10284,train
75,train
29101,train
19413,train
12785,train
22036,train
22648,train
17808,train
21371,train
19747,train
8288,train
25004,train
24966,train
8190,train
15826,train
24411,train
14150,train
16091,train
24403,train
3842,train
695,train
8508,train
13332,train
22987,train
25991,train
1075,train
6797,train
1153,train
2831,train
7907,train
6924,train
2653,train
25181,train
8887,train
22600,train
24485,train
17538,train
2577,train
13643,train
20638,train
27029,train
18632,train
16444,train
28878,train
27531,train
26911,train
14183,train
25433,train
27377,train
2923,train
7376,train
3506,train
16057,train
3183,train
27766,train
12971,train
24901,train
11029,train
25121,train
17796,train
3827,train
7520,train
20523,train
27561,train
3659,train
12963,train
11169,train
29158,train
8175,train
23797,train
28869,train
22971,train
12864,train
5544,train
20436,train
8663,train
22982,train
19801,train
7296,train
4450,train
9637,train
629,train
14111,train
3138,train
14528,train
14222,train
7048,train
9681,train
13118,train
12956,train
14164,train
17961,train
4158,train
2745,train
11527,train
13745,train
16344,train
26253,train
12758,train
18159,train
16601,train
8907,train
2139,train
11654,train
5281,train
21931,train
18606,train
26538,train
13198,train
5012,train
11817,train
8283,train
15389,train
11801,train
26421,train
21859,train
16356,train
3636,train
7858,train
1021,train
21766,train
16730,train
6782,train
13678,train
9708,train
846,train
19284,train
26979,train
10391,train
9413,train
16383,train
26049,train
7593,train
23522,train
3218,train
9661,train
346,train
26754,train
13144,train
27955,train
25175,train
27287,train
29441,train
20421,train
12088,train
13075,train
5149,train
26802,train
21629,train
12420,train
28786,train
6485,train
15223,train
2345,train
19178,train
4953,train
19341,train
8114,train
19083,train
13315,train
26228,train
7201,train
410,train
13043,train
9157,train
7041,train
25079,train
3841,train
15325,train
13741,train
1072,train
20209,train
10267,train
22525,train
16199,train
16933,train
14260,train
28208,train
20142,train
22370,train
13225,train
13103,train
166,train
19177,train
21593,train
24402,train
2748,train
27415,train
10003,train
18804,train
27751,train
24546,train
10614,train
25159,train
23448,train
13896,train
28253,train
21021,train
25514,train
22501,train
11741,train
18244,train
3528,train
27006,train
17877,train
23119,train
22561,train
3280,train
27690,train
11964,train
23917,train
21646,train
642,train
22427,train
29102,train
26650,train
10074,train
25631,train
21908,train
7961,train
24441,train
1871,train
15012,train
22744,train
28744,train
19718,train
86,train
17351,train
21820,train
1938,train
24866,train
12613,train
2188,train
19064,train
24723,train
489,train
10844,train
29475,train
24980,train
28944,train
12731,train
19419,train
15303,train
29409,train
8806,train
27202,train
16042,train
27997,train
28286,train
12625,train
29100,train
14931,train
18573,train
17094,train
24627,train
4206,train
20747,train
600,train
23737,train
21712,train
17816,train
9425,train
16572,train
28689,train
23924,train
17434,train
15037,train
20151,train
23134,train
11629,train
22732,train
2453,train
29065,train
24386,train
5704,train
17778,train
24319,train
10303,train
4279,train
19621,train
2852,train
11358,train
7012,train
23565,train
19498,train
22182,train
1703,train
23868,train
5401,train
9860,train
26032,train
17664,train
24211,train
4971,train
27494,train
28927,train
6834,train
8632,train
24905,train
17099,train
27112,train
18462,train
19965,train
1550,train
215,train
24172,train
10958,train
5628,train
2299,train
21763,train
27354,train
1554,train
10180,train
13416,train
28768,train
739,train
28498,train
21294,train
24013,train
6613,train
26386,train
27671,train
7007,train
5696,train
14905,train
24920,train
10302,train
18940,train
15723,train
7254,train
9935,train
10367,train
1453,train
8724,train
13940,train
13303,train
19265,train
25965,train
20664,train
18442,train
4235,train
12878,train
24317,train
3902,train
25656,train
17661,train
6786,train
9667,train
19345,train
10944,train
27649,train
2105,train
19719,train
10152,train
7485,train
21575,train
14233,train
27647,train
1285,train
16874,train
17041,train
12887,train
6609,train
28988,train
27297,train
29099,train
27453,train
5101,train
23786,train
59,train
16740,train
23038,train
27347,train
15043,train
15196,train
5983,train
10852,train
13874,train
12654,train
18319,train
14033,train
23341,train
17154,train
26318,train
29378,train
25513,train
20068,train
6071,train
24389,train
5,train
5168,train
21823,train
14673,train
2654,train
20928,train
13250,train
28520,train
9368,train
1848,train
3567,train
23438,train
29500,train
21984,train
15443,train
17166,train
12010,train
9013,train
23800,train
3326,train
10146,train
21337,train
21509,train
18033,train
7971,train
3318,train
8408,train
13985,train
15326,train
5846,train
13255,train
23261,train
10483,train
13238,train
6816,train
5489,train
20390,train
334,train
20862,train
22452,train
6791,train
25162,train
28134,train
12168,train
4148,train
8153,train
23585,train
26511,train
6077,train
12779,train
1242,train
27281,train
12067,train
16418,train
5013,train
19462,train
849,train
7940,train
4355,train
5299,train
12115,train
15516,train
12204,train
703,train
7979,train
24871,train
15487,train
10543,train
21120,train
18011,train
2488,train
25645,train
25125,train
28782,train
11957,train
13822,train
8343,train
20245,train
17798,train
12842,train
211,train
4054,train
12182,train
7766,train
14806,train
12860,train
29213,train
12845,train
20434,train
24259,train
25080,train
12572,train
26052,train
16521,train
1085,train
17483,train
22020,train
10850,train
22078,train
9230,train
24030,train
22535,train
14678,train
23987,train
9191,train
10227,train
19395,train
18022,train
29142,train
21486,train
25171,train
1463,train
12312,train
9949,train
13839,train
213,train
27306,train
20629,train
16963,train
2417,train
25567,train
13828,train
22638,train
11063,train
13968,train
1345,train
24708,train
7261,train
538,train
24026,train
19972,train
6543,train
10631,train
11886,train
24659,train
6258,train
21853,train
15818,train
471,train
6131,train
29444,train
14608,train
3074,train
13412,train
502,train
29451,train
3614,train
24573,train
2871,train
4857,train
22784,train
25065,train
12427,train
6884,train
16892,train
24492,train
17394,train
5822,train
12033,train
29276,train
19782,train
12742,train
24344,train
14060,train
11342,train
14246,train
11931,train
18182,train
26100,train
7769,train
7790,train
3862,train
13697,train
12506,train
21817,train
29175,train
23466,train
748,train
2314,train
26723,train
21778,train
9025,train
15463,train
6016,train
6888,train
8560,train
9252,train
16497,train
10304,train
1458,train
6788,train
7857,train
20372,train
21627,train
23078,train
10435,train
18884,train
6458,train
26737,train
5670,train
3056,train
6731,train
20144,train
2067,train
7274,train
3533,train
379,train
8300,train
19611,train
18735,train
14765,train
9355,train
12585,train
6994,train
13773,train
20973,train
6688,train
24549,train
11135,train
9372,train
11565,train
2756,train
20610,train
9808,train
3722,train
14935,train
23475,train
23686,train
25356,train
28384,train
24831,train
17228,train
16650,train
14322,train
13511,train
23605,train
10995,train
8825,train
12412,train
23763,train
758,train
2518,train
25435,train
24283,train
26506,train
11571,train
22651,train
5721,train
13617,train
13290,train
15273,train
17616,train
9973,train
1754,train
21625,train
25751,train
5902,train
6714,train
23342,train
21580,train
4840,train
19803,train
17314,train
6739,train
17805,train
3004,train
5400,train
18264,train
27543,train
16176,train
20690,train
26543,train
5869,train
10804,train
19684,train
28082,train
9934,train
15065,train
28406,train
22758,train
17330,train
23710,train
13852,train
7672,train
28546,train
2429,train
2268,train
26960,train
7609,train
23867,train
23625,train
23206,train
7890,train
27612,train
23297,train
4286,train
6260,train
10594,train
9502,train
22839,train
14925,train
4425,train
4593,train
23799,train
1352,train
27840,train
7548,train
8182,train
12467,train
7454,train
20348,train
16190,train
14903,train
9298,train
14405,train
28410,train
29203,train
22520,train
25450,train
28415,train
17891,train
28566,train
20829,train
862,train
29580,train
13440,train
13549,train
6621,train
6561,train
19904,train
4042,train
17748,train
20378,train
17187,train
4274,train
23892,train
237,train
5456,train
3328,train
2254,train
28318,train
25839,train
5384,train
8195,train
12254,train
24418,train
13033,train
7656,train
7081,train
14117,train
25706,train
3434,train
12715,train
28553,train
4737,train
24922,train
10586,train
1007,train
21498,train
10687,train
26785,train
19551,train
4831,train
23441,train
19961,train
28764,train
18197,train
6003,train
7053,train
10164,train
20305,train
16450,train
23547,train
26857,train
19982,train
8539,train
10452,train
22031,train
15739,train
25220,train
21586,train
7682,train
29066,train
19323,train
17612,train
21631,train
20275,train
5690,train
25168,train
8348,train
24928,train
25455,train
6723,train
15029,train
958,train
17589,train
13865,train
20756,train
22475,train
3345,train
10589,train
12762,train
21647,train
19016,train
9548,train
26147,train
21993,train
16847,train
17174,train
26588,train
7028,train
4237,train
9806,train
13988,train
1911,train
28313,train
7521,train
28608,train
25758,train
4066,train
17131,train
9767,train
10481,train
617,train
5222,train
2860,train
21227,train
27063,train
17760,train
16704,train
17633,train
13245,train
2035,train
4301,train
27382,train
1589,train
13633,train
29536,train
12028,train
18965,train
8436,train
3595,train
21005,train
16692,train
27614,train
20443,train
16655,train
15422,train
28225,train
6661,train
23545,train
8604,train
29354,train
15761,train
7699,train
21001,train
28752,train
27020,train
18808,train
12269,train
19561,train
2647,train
5593,train
16743,train
1881,train
14873,train
10520,train
18602,train
11310,train
189,train
420,train
18771,train
6588,train
18379,train
16578,train
9311,train
21019,train
7643,train
9284,train
2586,train
20696,train
21379,train
7864,train
11687,train
26749,train
540,train
8231,train
4853,train
6833,train
23684,train
11658,train
27869,train
11603,train
27047,train
16801,train
5467,train
19751,train
27627,train
2189,train
16202,train
26006,train
18589,train
22961,train
378,train
24722,train
26710,train
5850,train
10324,train
8631,train
24913,train
13857,train
21032,train
12673,train
24801,train
11463,train
28615,train
27731,train
7397,train
13563,train
10006,train
17779,train
21299,train
27295,train
2338,train
25458,train
21564,train
15187,train
4880,train
23643,train
2992,train
1024,train
26313,train
118,train
5239,train
14524,train
17874,train
8372,train
25634,train
22504,train
25999,train
13590,train
18012,train
22405,train
5076,train
2194,train
23227,train
12964,train
28229,train
5840,train
13277,train
26653,train
8273,train
12612,train
15115,train
13759,train
19938,train
19617,train
10953,train
27068,train
25826,train
168,train
29013,train
29569,train
9144,train
8699,train
20744,train
15363,train
7693,train
27843,train
17979,train
1471,train
9853,train
14215,train
12081,train
2931,train
9516,train
18472,train
5481,train
14395,train
1414,train
17709,train
6953,train
22398,train
15048,train
27967,train
7391,train
8554,train
669,train
29103,train
20790,train
28665,train
3610,train
14559,train
19501,train
4024,train
22143,train
27369,train
16167,train
15573,train
18186,train
11829,train
24197,train
24842,train
24760,train
4966,train
9608,train
3743,train
8608,train
5698,train
25651,train
23958,train
28141,train
11429,train
14647,train
17403,train
14782,train
27717,train
2544,train
29522,train
24705,train
12910,train
8241,train
4832,train
15366,train
15107,train
23363,train
28798,train
11684,train
9728,train
10764,train
2065,train
22443,train
19383,train
14929,train
13280,train
2827,train
27330,train
17370,train
25757,train
24900,train
25115,train
22113,train
28125,train
18153,train
221,train
15925,train
9554,train
22138,train
5095,train
12946,train
13156,train
18482,train
22123,train
6109,train
15056,train
14812,train
29437,train
18240,train
15369,train
14314,train
24493,train
23099,train
13582,train
28581,train
29384,train
23380,train
17689,train
10715,train
3443,train
12239,train
22387,train
28259,train
20717,train
22652,train
7004,train
15493,train
7145,train
1512,train
17151,train
477,train
195,train
5174,train
12380,train
24624,train
25294,train
16714,train
1094,train
21275,train
6686,train
4241,train
29171,train
23385,train
13417,train
14450,train
19512,train
17484,train
6259,train
11003,train
11705,train
22336,train
1811,train
22871,train
5655,train
5019,train
28158,train
11499,train
5554,train
28971,train
14993,train
25136,train
19755,train
13195,train
23628,train
23112,train
23914,train
4587,train
21702,train
15927,train
29034,train
11798,train
19168,train
13386,train
11837,train
7830,train
24014,train
18904,train
3742,train
14889,train
6905,train
20048,train
2977,train
20119,train
6989,train
16080,train
28966,train
16542,train
4782,train
25930,train
10872,train
23553,train
23734,train
5450,train
4324,train
8958,train
15819,train
27209,train
14081,train
24354,train
2531,train
10859,train
17293,train
5439,train
4500,train
14017,train
20116,train
19908,train
23916,train
28098,train
6975,train
24151,train
5362,train
19586,train
24843,train
14019,train
1749,train
10667,train
15808,train
21006,train
26146,train
24994,train
28181,train
18993,train
2890,train
2500,train
1240,train
12816,train
15718,train
18344,train
12735,train
24996,train
23162,train
28348,train
13731,train
27423,train
19788,train
10203,train
14664,train
18311,train
18136,train
712,train
15843,train
17809,train
14133,train
12315,train
21871,train
426,train
19266,train
17372,train
4152,train
14622,train
11502,train
29508,train
26472,train
8910,train
2521,train
8876,train
18361,train
5910,train
11548,train
7667,train
13163,train
29182,train
14519,train
23872,train
11330,train
20440,train
10155,train
13191,train
25211,train
24119,train
14422,train
28200,train
6445,train
26844,train
13406,train
24438,train
4492,train
5789,train
26038,train
16434,train
28495,train
3330,train
26921,train
11362,train
17431,train
11163,train
6962,train
14216,train
7005,train
13742,train
20874,train
447,train
24912,train
10769,train
10811,train
14381,train
4186,train
8375,train
6323,train
7195,train
26077,train
10802,train
1918,train
9875,train
19767,train
1257,train
16898,train
1939,train
26792,train
9076,train
16376,train
1923,train
25608,train
24589,train
21277,train
22994,train
11738,train
24570,train
20060,train
21633,train
18869,train
19019,train
17764,train
3634,train
13972,train
21441,train
8099,train
5373,train
25502,train
6318,train
10711,train
5784,train
5821,train
4005,train
3508,train
19455,train
21276,train
5196,train
16139,train
23022,train
24025,train
13472,train
21430,train
2710,train
13487,train
14767,train
4459,train
26667,train
28392,train
7009,train
14141,train
12377,train
5302,train
9110,train
15104,train
15725,train
9345,train
20590,train
19620,train
11147,train
12563,train
21478,train
20319,train
25745,train
3566,train
28973,train
27530,train
29080,train
13853,train
3188,train
22035,train
3995,train
7217,train
8271,train
20974,train
29517,train
18509,train
541,train
15953,train
5514,train
3725,train
29570,train
12391,train
7652,train
11773,train
13297,train
25553,train
4828,train
26698,train
112,train
5509,train
11501,train
28269,train
6535,train
8117,train
25557,train
12293,train
8174,train
26854,train
10114,train
6937,train
27372,train
1932,train
19343,train
28808,train
21757,train
7997,train
5469,train
1270,train
14406,train
15635,train
28107,train
14541,train
29050,train
14122,train
12191,train
17843,train
12235,train
15515,train
27788,train
24529,train
25914,train
11791,train
23353,train
14532,train
21552,train
11915,train
11357,train
28811,train
17214,train
14894,train
21026,train
26162,train
11279,train
227,train
12327,train
14249,train
20682,train
3179,train
10428,train
14890,train
26619,train
11257,train
185,train
17615,train
19562,train
24597,train
13473,train
21143,train
22025,train
26085,train
25289,train
19642,train
26135,train
6091,train
17742,train
12302,train
5780,train
18363,train
27196,train
26345,train
27713,train
29494,train
7038,train
22789,train
16948,train
26466,train
14288,train
25245,train
25303,train
25440,train
4022,train
13574,train
16165,train
18145,train
21765,train
8829,train
20911,train
24858,train
2912,train
17347,train
18901,train
17666,train
664,train
578,train
4333,train
13946,train
16791,train
25248,train
7994,train
8745,train
4224,train
6890,train
16351,train
19184,train
1520,train
13175,train
1215,train
27205,train
9288,train
17395,train
3380,train
26832,train
23267,train
19356,train
6469,train
27739,train
23349,train
20728,train
6995,train
13286,train
779,train
5413,train
6571,train
13550,train
22072,train
27024,train
20909,train
17311,train
6051,train
16233,train
19203,train
27729,train
19175,train
7495,train
8547,train
14577,train
9972,train
11240,train
22206,train
6074,train
22425,train
15151,train
8167,train
7505,train
25632,train
1531,train
9433,train
11508,train
1483,train
1477,train
28804,train
26531,train
5442,train
10577,train
11408,train
7557,train
13701,train
15007,train
29114,train
26880,train
21123,train
11127,train
28152,train
335,train
18556,train
12448,train
13490,train
16846,train
13811,train
9189,train
21808,train
25418,train
26442,train
1817,train
3296,train
24993,train
21795,train
12016,train
8831,train
9046,train
5943,train
17781,train
21076,train
3025,train
12466,train
24574,train
5378,train
21923,train
29144,train
15411,train
26900,train
3912,train
10752,train
12976,train
28197,train
9380,train
27400,train
19694,train
14373,train
24158,train
26726,train
13555,train
28619,train
4903,train
20131,train
197,train
26729,train
24608,train
24037,train
19582,train
18643,train
29599,train
21878,train
20804,train
18298,train
15139,train
2031,train
701,train
5742,train
21127,train
4407,train
16920,train
16510,train
13917,train
14361,train
919,train
27646,train
23033,train
8032,train
17941,train
14287,train
13197,train
27937,train
21844,train
11106,train
21868,train
4563,train
3678,train
29176,train
24274,train
2639,train
2007,train
14901,train
10947,train
24972,train
999,train
22395,train
15982,train
13539,train
21290,train
7976,train
16715,train
7563,train
26693,train
20366,train
26157,train
2250,train
2423,train
6397,train
16661,train
14289,train
24690,train
23961,train
16457,train
21846,train
20495,train
3156,train
27662,train
19850,train
20252,train
20403,train
4789,train
16305,train
12183,train
6940,train
1324,train
18764,train
17711,train
21116,train
8526,train
6713,train
6586,train
4854,train
125,train
23481,train
8191,train
7596,train
21035,train
29186,train
26193,train
13483,train
24750,train
22634,train
10224,train
24859,train
18116,train
14429,train
4812,train
12683,train
427,train
27223,train
2142,train
26242,train
29209,train
9208,train
9866,train
13637,train
21770,train
7634,train
24638,train
154,train
24514,train
663,train
29598,train
13134,train
19373,train
1392,train
6090,train
7375,train
5447,train
18039,train
2777,train
469,train
676,train
20008,train
23632,train
29453,train
11039,train
5916,train
2427,train
24646,train
16384,train
9109,train
21053,train
3825,train
26611,train
15180,train
2635,train
10983,train
20235,train
17083,train
14416,train
22639,train
27727,train
18193,train
11664,train
5740,train
8088,train
23264,train
12901,train
14625,train
2137,train
29185,train
21644,train
10418,train
29611,train
27578,train
11827,train
6589,train
7600,train
12899,train
12630,train
2028,train
2030,train
8965,train
23179,train
4472,train
14660,train
10140,train
6796,train
24622,train
27187,train
17255,train
9062,train
28016,train
3519,train
19074,train
5316,train
11561,train
2242,train
3139,train
21017,train
1396,train
20411,train
18473,train
8302,train
23790,train
13772,train
19080,train
17991,train
17555,train
14448,train
23666,train
28666,train
24776,train
3866,train
11997,train
11840,train
18029,train
29236,train
21836,train
9204,train
12855,train
27253,train
15164,train
12941,train
12131,train
25886,train
9245,train
911,train
23034,train
523,train
21781,train
13384,train
3818,train
12044,train
1860,train
28322,train
13851,train
7614,train
2652,train
26195,train
5915,train
14369,train
7181,train
22340,train
17883,train
1548,train
8774,train
14790,train
8529,train
106,train
15894,train
3406,train
27245,train
3639,train
182,train
29278,train
6703,train
10747,train
16265,train
26293,train
3130,train
14360,train
13526,train
3272,train
21544,train
5133,train
10565,train
28523,train
6274,train
29351,train
26817,train
2988,train
6928,train
16313,train
870,train
7323,train
10721,train
7033,train
8294,train
3033,train
18540,train
2936,train
25278,train
14739,train
10219,train
26986,train
3895,train
5457,train
12066,train
22048,train
14443,train
1670,train
28077,train
29238,train
27005,train
13147,train
9048,train
16268,train
2843,train
22723,train
18455,train
1708,train
6896,train
26901,train
18283,train
10580,train
22688,train
27965,train
10810,train
28018,train
10021,train
1543,train
5015,train
12581,train
15590,train
29069,train
21418,train
28033,train
13937,train
8655,train
4014,train
20101,train
19053,train
7059,train
24495,train
28840,train
28904,train
39,train
9818,train
11992,train
8548,train
29447,train
18317,train
20044,train
20551,train
14868,train
6942,train
29193,train
26339,train
14480,train
23097,train
17204,train
8102,train
299,train
26500,train
13314,train
17471,train
20169,train
3366,train
8138,train
15661,train
23326,train
1597,train
18759,train
13761,train
9557,train
3741,train
8947,train
25614,train
1439,train
15803,train
12220,train
25888,train
18768,train
5924,train
6848,train
18860,train
23423,train
103,train
15416,train
19359,train
16293,train
14320,train
7641,train
20765,train
9456,train
20820,train
13347,train
1734,train
19188,train
18007,train
22446,train
22619,train
12934,train
4322,train
8979,train
11498,train
23278,train
27071,train
2967,train
8974,train
4651,train
23646,train
9909,train
25403,train
12561,train
16678,train
1014,train
5800,train
25809,train
21680,train
24154,train
22603,train
28081,train
19958,train
11328,train
26112,train
25539,train
13368,train
2526,train
19244,train
17478,train
25315,train
58,train
5776,train
16666,train
9162,train
10797,train
26627,train
8345,train
17243,train
24205,train
18144,train
6482,train
16168,train
25617,train
24229,train
18477,train
23567,train
20347,train
23583,train
9316,train
12110,train
20655,train
9600,train
5574,train
16915,train
4208,train
20132,train
26978,train
13656,train
23074,train
4961,train
28412,train
23012,train
8008,train
21697,train
8216,train
3510,train
5376,train
11521,train
5487,train
4800,train
14837,train
1174,train
28189,train
9399,train
6380,train
4226,train
8929,train
5268,train
25776,train
6076,train
27522,train
15764,train
15099,train
17412,train
4790,train
8849,train
22858,train
14487,train
806,train
27556,train
14693,train
29298,train
5050,train
25341,train
27510,train
23874,train
5661,train
17141,train
25350,train
20524,train
4997,train
9777,train
24483,train
1066,train
20413,train
1948,train
16379,train
10685,train
24867,train
2989,train
26953,train
7432,train
28751,train
12460,train
9915,train
26502,train
22860,train
25755,train
3002,train
6544,train
21109,train
18019,train
17674,train
26983,train
27385,train
13650,train
24137,train
560,train
27857,train
13815,train
25258,train
17543,train
1418,train
11226,train
26098,train
21675,train
25669,train
7444,train
28838,train
784,train
19450,train
559,train
21550,train
10249,train
18409,train
1691,train
5007,train
29607,train
28731,train
20055,train
28529,train
6691,train
23071,train
12022,train
1757,train
25137,train
22502,train
26956,train
130,train
18295,train
8214,train
27081,train
27180,train
13065,train
23355,train
23717,train
19857,train
21894,train
22215,train
20784,train
16905,train
14851,train
13400,train
29560,train
9454,train
11776,train
28728,train
151,train
10581,train
6581,train
28692,train
10653,train
16218,train
20053,train
7526,train
26949,train
28845,train
27125,train
21238,train
27283,train
17124,train
23159,train
14854,train
16861,train
11567,train
27538,train
23602,train
8219,train
20838,train
6013,train
12117,train
7873,train
15877,train
26081,train
29018,train
17439,train
8115,train
6615,train
23174,train
26139,train
17964,train
2355,train
12688,train
21166,train
29022,train
21358,train
20467,train
12232,train
9278,train
8711,train
11200,train
10437,train
315,train
11535,train
20452,train
8112,train
25427,train
23308,train
20475,train
17006,train
15329,train
6901,train
17909,train
14192,train
24016,train
12869,train
10932,train
23519,train
14590,train
11967,train
6134,train
10620,train
25574,train
17832,train
26559,train
20996,train
402,train
9014,train
14579,train
10289,train
13359,train
19797,train
1466,train
25489,train
5542,train
7324,train
17587,train
23742,train
19223,train
13133,train
14103,train
2997,train
11197,train
3835,train
26771,train
15872,train
11376,train
4732,train
3775,train
23257,train
13615,train
13493,train
10597,train
24140,train
184,train
6556,train
29015,train
6403,train
25490,train
8582,train
9021,train
20833,train
13622,train
13542,train
15773,train
26058,train
21247,train
28305,train
11816,train
8908,train
11919,train
9349,train
26782,train
23345,train
8589,train
7529,train
10344,train
26697,train
8202,train
23028,train
6246,train
23616,train
17889,train
28814,train
26171,train
13115,train
11872,train
1539,train
18018,train
24267,train
25269,train
24811,train
10652,train
24936,train
23877,train
10082,train
15271,train
4724,train
6889,train
20289,train
10927,train
11577,train
5315,train
23829,train
16501,train
27891,train
19830,train
17580,train
8186,train
24466,train
10260,train
8680,train
9483,train
17334,train
12699,train
28176,train
8742,train
13548,train
26866,train
23398,train
7208,train
10427,train
29135,train
16595,train
14723,train
9169,train
27726,train
25186,train
22572,train
18043,train
14930,train
22183,train
17761,train
8344,train
15142,train
22299,train
9983,train
20222,train
2290,train
4878,train
10075,train
9675,train
11691,train
15514,train
19226,train
29442,train
15334,train
23009,train
26589,train
6760,train
4867,train
13722,train
17352,train
26656,train
632,train
23839,train
15789,train
9770,train
390,train
21060,train
19272,train
8101,train
8249,train
14893,train
26547,train
4893,train
26684,train
18044,train
29393,train
11188,train
27572,train
5383,train
21376,train
3719,train
27300,train
21225,train
8254,train
1910,train
26797,train
11427,train
3052,train
3293,train
16428,train
16529,train
15728,train
5623,train
24513,train
15189,train
2274,train
23031,train
18905,train
18265,train
26856,train
10413,train
25394,train
25444,train
28014,train
17090,train
15356,train
4236,train
2689,train
6744,train
9718,train
28590,train
13500,train
24461,train
12167,train
7947,train
13188,train
13659,train
26985,train
7171,train
26019,train
14109,train
19865,train
6792,train
3322,train
10322,train
4714,train
15469,train
27325,train
9335,train
11668,train
16164,train
5760,train
28897,train
24051,train
18605,train
20520,train
2578,train
4529,train
29485,train
24078,train
4562,train
22759,train
6137,train
19924,train
26215,train
25465,train
119,train
2835,train
6706,train
27407,train
19035,train
18219,train
18196,train
5044,train
916,train
25342,train
12903,train
14834,train
18938,train
18604,train
7490,train
25592,train
17516,train
7193,train
16568,train
13211,train
6042,train
2587,train
19442,train
20777,train
7291,train
9082,train
24887,train
3514,train
27156,train
14114,train
921,train
19465,train
26036,train
1141,train
16986,train
3177,train
7418,train
14071,train
2815,train
3270,train
20486,train
13927,train
7146,train
6872,train
3383,train
25086,train
479,train
16098,train
8495,train
24583,train
24616,train
26240,train
22277,train
20377,train
25014,train
18966,train
11316,train
28862,train
28184,train
28463,train
14716,train
23290,train
20955,train
22765,train
11137,train
29134,train
16225,train
4277,train
20960,train
17148,train
24024,train
10349,train
7406,train
26631,train
6194,train
4291,train
20796,train
13765,train
5094,train
27395,train
22999,train
15167,train
10779,train
16862,train
6655,train
28188,train
14013,train
14955,train
6346,train
18552,train
1275,train
28339,train
18001,train
18846,train
624,train
17833,train
12011,train
7409,train
681,train
12936,train
4823,train
26050,train
20791,train
19697,train
20129,train
27645,train
17996,train
13916,train
4715,train
27233,train
1595,train
17505,train
19842,train
13925,train
12094,train
10110,train
1949,train
4956,train
22701,train
9633,train
26102,train
4397,train
22226,train
17051,train
2576,train
2413,train
4678,train
21725,train
4625,train
17978,train
20459,train
4624,train
27873,train
29249,train
19248,train
3603,train
19107,train
7625,train
25383,train
15617,train
29259,train
29019,train
14650,train
24907,train
14774,train
6569,train
26670,train
16019,train
2014,train
9026,train
17653,train
13029,train
19558,train
28437,train
22549,train
14392,train
22936,train
26181,train
28846,train
13129,train
25098,train
13353,train
2620,train
9294,train
24879,train
5590,train
25336,train
28702,train
35,train
731,train
28775,train
12674,train
12125,train
14509,train
9961,train
2346,train
29179,train
3180,train
4972,train
29284,train
4784,train
4167,train
1912,train
26104,train
1125,train
11657,train
21311,train
72,train
4516,train
24654,train
25994,train
3397,train
11487,train
14572,train
11956,train
20950,train
27838,train
15146,train
16914,train
8438,train
29077,train
8379,train
5338,train
23253,train
11045,train
27767,train
4182,train
24129,train
15376,train
27103,train
28485,train
6764,train
27419,train
6986,train
15198,train
21747,train
16659,train
18108,train
17189,train
14372,train
9132,train
8980,train
13138,train
27695,train
29017,train
4771,train
101,train
29266,train
20381,train
2575,train
23558,train
22670,train
2613,train
25482,train
10825,train
6014,train
13142,train
18190,train
27562,train
24926,train
12310,train
9760,train
9126,train
3428,train
20292,train
15541,train
22616,train
18148,train
8469,train
4744,train
20098,train
11273,train
11902,train
28349,train
23331,train
13648,train
11077,train
1183,train
21650,train
22737,train
8541,train
8297,train
7586,train
23653,train
1318,train
16290,train
24802,train
12058,train
16737,train
17114,train
831,train
941,train
28451,train
20273,train
13324,train
22541,train
506,train
13545,train
14178,train
1459,train
12650,train
15400,train
27276,train
12372,train
23777,train
26725,train
15426,train
16584,train
27984,train
10143,train
456,train
20904,train
19722,train
2942,train
22430,train
10991,train
9773,train
1261,train
6015,train
21136,train
1313,train
29064,train
18919,train
29514,train
4305,train
400,train
6681,train
15891,train
20860,train
3104,train
23560,train
18238,train
6690,train
8606,train
13611,train
17795,train
1134,train
5418,train
17743,train
6265,train
3035,train
10171,train
23280,train
7570,train
20342,train
17737,train
16868,train
22556,train
11253,train
28853,train
28725,train
12949,train
26549,train
11220,train
14962,train
23909,train
3460,train
15919,train
28166,train
23177,train
25116,train
4786,train
28488,train
24377,train
17123,train
7423,train
16532,train
25780,train
29027,train
3124,train
27459,train
23815,train
9737,train
12944,train
25424,train
22312,train
13041,train
18618,train
18661,train
19368,train
14218,train
23887,train
20028,train
29512,train
17011,train
21504,train
20849,train
19365,train
23687,train
15608,train
27976,train
14961,train
15016,train
564,train
13657,train
27061,train
12348,train
18527,train
8585,train
11926,train
11578,train
4138,train
27860,train
7499,train
12545,train
598,train
3926,train
15324,train
28946,train
224,train
22128,train
7632,train
6331,train
9202,train
9738,train
29592,train
23794,train
8695,train
5759,train
23771,train
9130,train
3981,train
20103,train
28954,train
4897,train
10845,train
11233,train
20900,train
29216,train
16396,train
28799,train
445,train
15827,train
24645,train
28140,train
8395,train
6933,train
11808,train
17519,train
24981,train
20141,train
22533,train
29265,train
11512,train
12535,train
13177,train
3687,train
2109,train
15959,train
22155,train
27472,train
14761,train
17921,train
18745,train
16232,train
11911,train
16857,train
26445,train
25701,train
18102,train
28889,train
21186,train
529,train
9172,train
13453,train
17849,train
13020,train
20514,train
26902,train
6343,train
14335,train
2863,train
4388,train
20267,train
5669,train
4535,train
16035,train
4477,train
5417,train
22965,train
21,train
3176,train
23998,train
23096,train
18806,train
3051,train
12843,train
28497,train
18979,train
24834,train
3336,train
9513,train
25449,train
25218,train
19245,train
13644,train
20880,train
5748,train
16000,train
14157,train
5830,train
5072,train
28871,train
29307,train
15181,train
12917,train
28536,train
12180,train
27586,train
20379,train
1664,train
24940,train
20204,train
19779,train
24633,train
27218,train
45,train
6636,train
14948,train
15471,train
7558,train
5125,train
27990,train
20350,train
9063,train
97,train
2779,train
20155,train
24232,train
5499,train
9518,train
4643,train
5579,train
9887,train
27176,train
1746,train
23114,train
19980,train
557,train
11513,train
11907,train
12169,train
6198,train
1566,train
534,train
24113,train
17259,train
14481,train
4635,train
2781,train
14879,train
7768,train
11419,train
4418,train
29083,train
13288,train
29541,train
3286,train
25372,train
26970,train
27790,train
23235,train
6129,train
17708,train
7068,train
4695,train
8025,train
1247,train
1780,train
15294,train
29125,train
17980,train
25298,train
2118,train
5112,train
23641,train
12305,train
22241,train
3284,train
5157,train
8318,train
6147,train
3739,train
21495,train
18859,train
29308,train
26356,train
29336,train
11289,train
17373,train
26250,train
14700,train
8859,train
17031,train
13553,train
17119,train
12469,train
18161,train
25582,train
19969,train
24276,train
21304,train
22,train
3852,train
26324,train
8731,train
21911,train
20477,train
19703,train
18095,train
9224,train
18750,train
19892,train
3022,train
20333,train
21414,train
19059,train
19104,train
15105,train
11749,train
29299,train
12277,train
15579,train
25720,train
24303,train
3303,train
27945,train
8315,train
10525,train
2160,train
24202,train
22276,train
4366,train
21436,train
25915,train
1791,train
4550,train
6360,train
15068,train
7623,train
21793,train
1102,train
25223,train
6309,train
28956,train
5773,train
5516,train
2797,train
20084,train
27963,train
14495,train
7262,train
9493,train
2147,train
17981,train
19426,train
1171,train
23396,train
8329,train
23574,train
22882,train
17825,train
20297,train
17284,train
22778,train
23303,train
11305,train
8913,train
8984,train
25658,train
1151,train
6166,train
27153,train
9097,train
22554,train
23144,train
20537,train
23236,train
23995,train
10436,train
24346,train
3855,train
4096,train
26411,train
20845,train
15656,train
18000,train
2255,train
11788,train
467,train
4430,train
10176,train
15626,train
4885,train
22381,train
21616,train
19812,train
12759,train
28500,train
21164,train
17479,train
11625,train
8931,train
4614,train
18707,train
25932,train
11196,train
17481,train
17043,train
29579,train
12638,train
5412,train
8843,train
2009,train
9930,train
21259,train
10655,train
10579,train
260,train
4780,train
553,train
13117,train
7575,train
23618,train
19832,train
14352,train
14088,train
16845,train
14169,train
8594,train
486,train
25158,train
16439,train
8265,train
8146,train
19142,train
27353,train
27988,train
22728,train
21455,train
24568,train
10788,train
19155,train
23452,train
29619,train
18690,train
10613,train
25463,train
4185,train
28256,train
24487,train
10222,train
562,train
4708,train
5211,train
27750,train
29088,train
6241,train
6992,train
7127,train
10934,train
13876,train
4112,train
5018,train
4943,train
2948,train
13926,train
3186,train
18713,train
18503,train
10081,train
7029,train
16889,train
21348,train
4353,train
21691,train
25756,train
8185,train
18519,train
17199,train
12834,train
25472,train
19677,train
11676,train
15589,train
22144,train
6653,train
22664,train
14475,train
18770,train
22470,train
3491,train
23946,train
2425,train
2392,train
27797,train
21860,train
21718,train
2161,train
12723,train
5375,train
16248,train
13684,train
6938,train
4258,train
14316,train
19448,train
7933,train
19260,train
11124,train
17884,train
23065,train
1092,train
28712,train
4490,train
26121,train
16776,train
28738,train
9601,train
16772,train
13240,train
29309,train
12437,train
24265,train
21782,train
15276,train
10208,train
23046,train
17389,train
7388,train
29479,train
3093,train
11618,train
7286,train
17206,train
13963,train
29361,train
27333,train
13054,train
15402,train
28383,train
11616,train
12398,train
24946,train
10556,train
1462,train
26695,train
3820,train
16412,train
4694,train
12829,train
20283,train
440,train
1903,train
20623,train
8307,train
16538,train
3679,train
18549,train
3805,train
22295,train
26752,train
761,train
6643,train
4888,train
13757,train
7247,train
15670,train
19742,train
4955,train
2204,train
1544,train
5951,train
10479,train
7773,train
4964,train
1557,train
6979,train
17918,train
9871,train
24399,train
18742,train
18222,train
22801,train
293,train
10332,train
12890,train
12064,train
3589,train
1891,train
19427,train
13224,train
11475,train
19957,train
5591,train
6199,train
25353,train
6513,train
246,train
29515,train
6087,train
3144,train
16694,train
27741,train
28972,train
3875,train
26060,train
21921,train
233,train
19490,train
4409,train
14692,train
3845,train
19213,train
27170,train
21341,train
23447,train
29472,train
5187,train
9558,train
28748,train
25102,train
18989,train
29635,train
20295,train
4704,train
24696,train
27985,train
15123,train
6480,train
4478,train
26590,train
9003,train
19844,train
18892,train
997,train
18576,train
7383,train
13137,train
20848,train
8065,train
12368,train
19914,train
22532,train
22785,train
21364,train
16900,train
10760,train
7881,train
24228,train
27526,train
25202,train
15572,train
874,train
19091,train
21399,train
23596,train
26376,train
28073,train
16362,train
23832,train
6574,train
8483,train
488,train
3142,train
17515,train
11422,train
25111,train
21561,train
8223,train
12918,train
8748,train
18480,train
28330,train
890,train
3903,train
4556,train
25415,train
5435,train
5269,train
8323,train
5770,train
26288,train
22508,train
28096,train
15293,train
6306,train
27151,train
19236,train
6262,train
20799,train
24477,train
23876,train
27960,train
5406,train
28512,train
15578,train
19038,train
27754,train
1917,train
6173,train
18451,train
21087,train
29098,train
27664,train
56,train
13299,train
21527,train
16437,train
9339,train
5431,train
11019,train
24100,train
18748,train
19364,train
21308,train
13027,train
5754,train
3364,train
3922,train
3113,train
29610,train
24157,train
28334,train
1517,train
17640,train
6328,train
26087,train
1789,train
24919,train
8584,train
22776,train
15965,train
7787,train
28459,train
1173,train
26396,train
6880,train
26947,train
3641,train
17576,train
16561,train
28544,train
9521,train
10487,train
11595,train
8086,train
5485,train
9884,train
14628,train
8486,train
24639,train
21628,train
1188,train
20075,train
3370,train
4959,train
29640,train
22843,train
21377,train
26658,train
18178,train
28258,train
4557,train
6983,train
23476,train
16985,train
16441,train
14754,train
15036,train
18347,train
6176,train
13457,train
3718,train
28521,train
14120,train
9276,train
16758,train
27316,train
6361,train
4228,train
4904,train
15805,train
14859,train
28168,train
7390,train
22054,train
26868,train
16226,train
23263,train
27589,train
17762,train
16342,train
17926,train
25531,train
24543,train
6882,train
16653,train
20785,train
11150,train
3540,train
8614,train
20579,train
7209,train
17671,train
20500,train
8211,train
21941,train
26990,train
24398,train
19603,train
17731,train
20438,train
19194,train
28674,train
21363,train
29056,train
16083,train
26042,train
20187,train
8148,train
8874,train
2205,train
6634,train
8427,train
17239,train
5817,train
11613,train
27636,train
4640,train
18622,train
4648,train
3209,train
9941,train
18867,train
5118,train
24042,train
13139,train
20365,train
21176,train
20983,train
5793,train
9054,train
6299,train
22408,train
16058,train
19311,train
10163,train
23883,train
3198,train
26443,train
12452,train
13112,train
18351,train
17321,train
15922,train
7612,train
21415,train
24246,train
998,train
5636,train
13275,train
19219,train
24617,train
10009,train
20457,train
18578,train
612,train
879,train
9338,train
7200,train
909,train
12025,train
9878,train
28491,train
5672,train
25883,train
26498,train
21293,train
12685,train
21669,train
21481,train
24748,train
8353,train
11277,train
27672,train
12272,train
17532,train
28638,train
19403,train
11153,train
13111,train
27179,train
28478,train
4046,train
19976,train
24640,train
181,train
26660,train
25890,train
12888,train
15865,train
7964,train
29177,train
28910,train
13713,train
9927,train
619,train
9981,train
1931,train
16571,train
3538,train
4582,train
20802,train
22285,train
18140,train
6597,train
19106,train
28507,train
16338,train
23424,train
824,train
5395,train
22672,train
29567,train
19002,train
2606,train
17039,train
3376,train
19560,train
8716,train
16145,train
5859,train
6694,train
9990,train
29433,train
15352,train
23523,train
15077,train
14967,train
16282,train
9597,train
13005,train
25290,train
10961,train
21545,train
22152,train
18925,train
26435,train
2245,train
6564,train
18505,train
13844,train
12021,train
4748,train
2083,train
6088,train
26885,train
14777,train
15958,train
19308,train
21403,train
12817,train
26001,train
15000,train
27746,train
11326,train
17556,train
18591,train
20812,train
23241,train
5683,train
2061,train
8671,train
4318,train
2551,train
24727,train
2772,train
27191,train
19246,train
2001,train
23141,train
4576,train
12262,train
24023,train
7090,train
29650,train
3945,train
16,train
26005,train
1682,train
25576,train
27665,train
14003,train
21442,train
12709,train
9053,train
16698,train
20137,train
16733,train
10619,train
16267,train
2591,train
29488,train
18026,train
7591,train
12071,train
9314,train
24564,train
15956,train
2190,train
20847,train
7492,train
24400,train
25814,train
18733,train
28131,train
17755,train
18260,train
23971,train
16047,train
25619,train
9002,train
10244,train
1241,train
13418,train
7737,train
21113,train
1768,train
10897,train
10337,train
28555,train
19224,train
27324,train
22068,train
8080,train
14357,train
1573,train
11283,train
5003,train
27743,train
6202,train
2015,train
24176,train
28483,train
19995,train
24175,train
18753,train
8599,train
15752,train
6501,train
8895,train
21983,train
23692,train
6668,train
25138,train
7704,train
13864,train
11187,train
25161,train
1534,train
29345,train
3361,train
1865,train
6883,train
13520,train
6815,train
10971,train
24982,train
10514,train
5969,train
9547,train
17495,train
21055,train
20612,train
1569,train
11359,train
20318,train
5100,train
5288,train
17871,train
4447,train
15954,train
27413,train
26621,train
4437,train
27194,train
8208,train
17195,train
28884,train
29136,train
22841,train
27350,train
4646,train
4091,train
4398,train
6121,train
5920,train
4214,train
3772,train
26924,train
12475,train
23980,train
5656,train
13509,train
27139,train
7242,train
18761,train
24635,train
12264,train
25610,train
19257,train
19665,train
5255,train
22070,train
15781,train
15733,train
6288,train
15616,train
10063,train
2877,train
11180,train
4493,train
27702,train
13856,train
383,train
2858,train
1038,train
25030,train
5651,train
26483,train
14263,train
3536,train
14037,train
17185,train
23991,train
5366,train
14421,train
21050,train
22579,train
19967,train
1355,train
29350,train
11195,train
13247,train
27615,train
9943,train
14319,train
2472,train
12029,train
11928,train
6430,train
3738,train
6390,train
25856,train
6281,train
13366,train
28839,train
8091,train
30,train
20821,train
20213,train
17048,train
14750,train
5428,train
17440,train
6435,train
12477,train
25779,train
19564,train
4838,train
4287,train
6628,train
21603,train
9988,train
29054,train
10557,train
24011,train
9757,train
27576,train
13665,train
17868,train
16252,train
5342,train
18198,train
16982,train
699,train
5031,train
10996,train
14611,train
23885,train
9964,train
9815,train
17637,train
28525,train
5610,train
23044,train
5617,train
943,train
4734,train
28856,train
2457,train
17784,train
22538,train
11216,train
6145,train
3608,train
16200,train
6434,train
24740,train
28545,train
692,train
24448,train
3517,train
5521,train
13067,train
9022,train
5340,train
8729,train
28124,train
3703,train
5090,train
21734,train
4370,train
18628,train
977,train
20866,train
14649,train
18340,train
9174,train
10403,train
644,train
1759,train
15141,train
23844,train
4395,train
10138,train
17818,train
1286,train
18231,train
1730,train
7815,train
3277,train
76,train
13207,train
22909,train
5389,train
25609,train
22718,train
29458,train
12102,train
19884,train
20090,train
27340,train
13064,train
12539,train
6297,train
4273,train
9668,train
19324,train
22875,train
666,train
18308,train
4712,train
18150,train
5508,train
14022,train
25939,train
1349,train
14045,train
29411,train
29230,train
7272,train
13014,train
14257,train
12219,train
5041,train
7847,train
18596,train
24289,train
5908,train
4522,train
8999,train
7884,train
15704,train
27791,train
12597,train
15467,train
10429,train
2227,train
28320,train
4106,train
4791,train
10106,train
14977,train
13981,train
3565,train
18226,train
15057,train
793,train
476,train
3034,train
6405,train
12935,train
18594,train
6231,train
11588,train
26530,train
12767,train
19518,train
6037,train
8717,train
26850,train
8474,train
3409,train
11661,train
4553,train
6947,train
5540,train
16468,train
15342,train
18397,train
25703,train
1472,train
8063,train
3580,train
10854,train
5206,train
25691,train
3474,train
20121,train
10423,train
18879,train
3928,train
27456,train
12776,train
29301,train
6752,train
3306,train
25783,train
12602,train
25340,train
21342,train
23284,train
25507,train
10495,train
9112,train
4136,train
20293,train
11231,train
5313,train
25399,train
2492,train
14329,train
8645,train
17504,train
27321,train
28937,train
203,train
15100,train
587,train
10468,train
8055,train
9731,train
22246,train
24334,train
28589,train
22282,train
5899,train
26552,train
1774,train
26903,train
14181,train
26981,train
23665,train
24551,train
27950,train
21635,train
15896,train
10488,train
20138,train
29462,train
10221,train
5640,train
19773,train
17975,train
7500,train
16586,train
11284,train
22493,train
21386,train
14094,train
22762,train
19068,train
15876,train
10992,train
13169,train
10467,train
20697,train
20810,train
20957,train
11379,train
14096,train
14939,train
18883,train
10346,train
23662,train
22481,train
23451,train
28574,train
25133,train
7295,train
6897,train
6369,train
26919,train
23548,train
10325,train
27010,train
18834,train
10345,train
24432,train
13017,train
7924,train
3858,train
6751,train
9582,train
15771,train
5668,train
6250,train
19604,train
29600,train
16123,train
16980,train
18598,train
2393,train
8763,train
6763,train
27493,train
4263,train
24084,train
17645,train
2832,train
17491,train
24758,train
28662,train
15044,train
1060,train
17988,train
14467,train
21619,train
19211,train
2933,train
25525,train
19022,train
7470,train
9045,train
15638,train
18513,train
9739,train
3947,train
18798,train
11543,train
6110,train
7161,train
4249,train
23032,train
20424,train
3441,train
12242,train
3882,train
10870,train
4837,train
3740,train
5415,train
28025,train
4803,train
23304,train
17101,train
28102,train
8510,train
20339,train
9755,train
11717,train
16015,train
6364,train
5399,train
17102,train
8644,train
19357,train
5560,train
11012,train
23598,train
12445,train
976,train
24755,train
8447,train
7130,train
8085,train
16410,train
8545,train
21507,train
23533,train
23978,train
11105,train
14436,train
16095,train
2379,train
4406,train
11119,train
21173,train
10803,train
1110,train
28130,train
11074,train
21098,train
22392,train
15717,train
11381,train
10375,train
24787,train
14131,train
20432,train
23411,train
21920,train
20895,train
5716,train
2270,train
21681,train
4348,train
4667,train
23213,train
10920,train
17546,train
1868,train
7711,train
15260,train
6949,train
7386,train
769,train
3502,train
29341,train
14978,train
20521,train
4594,train
1123,train
17210,train
10669,train
28610,train
13248,train
2081,train
19372,train
19295,train
11666,train
2550,train
23292,train
27445,train
18428,train
611,train
19333,train
1999,train
3812,train
6358,train
28774,train
17306,train
19993,train
16522,train
11213,train
10098,train
12977,train
22350,train
12421,train
27902,train
20994,train
9763,train
1583,train
23866,train
26768,train
28605,train
25061,train
7084,train
11430,train
1299,train
21352,train
11774,train
2658,train
24083,train
3764,train
1137,train
5506,train
10551,train
6854,train
23239,train
20719,train
3680,train
20819,train
14043,train
12387,train
3758,train
3774,train
21473,train
4304,train
19707,train
7748,train
21088,train
5856,train
17930,train
972,train
3691,train
20778,train
17780,train
22458,train
19018,train
257,train
19847,train
5559,train
17038,train
22412,train
21547,train
11874,train
23524,train
3194,train
28216,train
3790,train
5978,train
18517,train
19919,train
13743,train
7816,train
20890,train
2528,train
7034,train
1644,train
4486,train
18738,train
3894,train
6492,train
28217,train
3689,train
27107,train
8266,train
17407,train
6049,train
25170,train
26368,train
22949,train
26,train
4684,train
13451,train
21205,train
3964,train
14484,train
2766,train
18583,train
22199,train
8762,train
9366,train
7716,train
14365,train
23186,train
25528,train
16422,train
14346,train
4471,train
17225,train
10604,train
20762,train
1876,train
6097,train
17082,train
19804,train
15089,train
24141,train
6676,train
9602,train
1416,train
20071,train
25537,train
14552,train
15669,train
10765,train
2700,train
19547,train
19926,train
4805,train
13276,train
19514,train
21834,train
16056,train
8836,train
26971,train
2280,train
15508,train
15500,train
28895,train
29588,train
15102,train
5981,train
12314,train
22033,train
3291,train
27566,train
12241,train
25371,train
15936,train
10351,train
21036,train
108,train
13778,train
16183,train
14753,train
3622,train
14831,train
9996,train
29117,train
20368,train
18674,train
17207,train
18266,train
2861,train
4827,train
25354,train
28297,train
5405,train
5175,train
24270,train
20989,train
20170,train
6393,train
4665,train
9762,train
2579,train
23149,train
12540,train
21843,train
20883,train
16825,train
19676,train
24759,train
26033,train
27328,train
7167,train
2192,train
25398,train
28938,train
10031,train
22824,train
12926,train
4086,train
19644,train
218,train
5113,train
27675,train
11814,train
6771,train
6553,train
20461,train
25529,train
4808,train
8784,train
25942,train
16767,train
16766,train
4900,train
2498,train
5329,train
15938,train
9121,train
12720,train
15313,train
15683,train
15836,train
26263,train
23429,train
9455,train
19186,train
7923,train
167,train
25332,train
22038,train
6224,train
24193,train
24116,train
10823,train
25951,train
3424,train
26637,train
380,train
6837,train
23979,train
22372,train
11623,train
15658,train
15251,train
18004,train
149,train
28750,train
10105,train
1280,train
19114,train
11898,train
18157,train
1078,train
16138,train
28373,train
29469,train
1944,train
2736,train
23626,train
8681,train
20831,train
6180,train
4308,train
19886,train
16178,train
26299,train
22410,train
26450,train
1701,train
16431,train
5272,train
7131,train
25271,train
22047,train
3090,train
8062,train
5271,train
11005,train
3748,train
7142,train
8839,train
23091,train
29511,train
29585,train
2049,train
313,train
9889,train
17903,train
26264,train
6155,train
206,train
22125,train
9450,train
23202,train
22478,train
12945,train
13848,train
20929,train
27539,train
547,train
28652,train
10591,train
25070,train
25832,train
8654,train
8128,train
16093,train
21480,train
28663,train
6148,train
20290,train
3635,train
19239,train
19651,train
7477,train
14127,train
13523,train
6799,train
19695,train
27536,train
7369,train
22236,train
12396,train
21185,train
10913,train
25187,train
2069,train
1636,train
15429,train
28650,train
24587,train
11210,train
501,train
18187,train
22755,train
16314,train
22480,train
13733,train
11446,train
1646,train
883,train
26284,train
24040,train
28382,train
28513,train
26348,validation
9632,validation
15986,validation
19379,validation
27970,validation
6853,validation
9819,validation
10194,validation
15374,validation
27111,validation
17475,validation
17424,validation
9523,validation
18501,validation
6263,validation
29445,validation
17366,validation
26989,validation
26350,validation
15306,validation
2025,validation
1794,validation
8024,validation
21153,validation
17322,validation
14299,validation
1252,validation
12073,validation
21070,validation
26551,validation
3660,validation
9903,validation
7760,validation
26864,validation
24429,validation
16348,validation
28976,validation
5723,validation
341,validation
20392,validation
8564,validation
26673,validation
17625,validation
19171,validation
8107,validation
28489,validation
21322,validation
1339,validation
26852,validation
18826,validation
6545,validation
725,validation
18185,validation
10353,validation
19044,validation
16671,validation
20054,validation
10048,validation
1390,validation
15510,validation
16792,validation
13086,validation
3733,validation
5445,validation
21232,validation
12480,validation
24310,validation
13882,validation
21767,validation
7957,validation
12365,validation
27012,validation
9604,validation
17490,validation
17924,validation
12423,validation
29288,validation
16624,validation
21038,validation
19393,validation
18515,validation
24469,validation
26630,validation
20351,validation
6066,validation
9538,validation
3247,validation
9020,validation
29122,validation
1420,validation
19806,validation
11769,validation
4561,validation
287,validation
1659,validation
10142,validation
15947,validation
8860,validation
26204,validation
5232,validation
3893,validation
18836,validation
21604,validation
17,validation
21208,validation
19292,validation
2350,validation
28569,validation
7497,validation
8894,validation
6614,validation
22748,validation
17588,validation
21933,validation
11395,validation
627,validation
17925,validation
4825,validation
5066,validation
19889,validation
26030,validation
1503,validation
29574,validation
19276,validation
25510,validation
22061,validation
8280,validation
9286,validation
4121,validation
497,validation
29520,validation
16983,validation
2716,validation
10937,validation
14321,validation
13062,validation
29368,validation
2353,validation
2876,validation
6612,validation
2941,validation
16947,validation
18811,validation
707,validation
20635,validation
28915,validation
26889,validation
17813,validation
13909,validation
1166,validation
23488,validation
9149,validation
26780,validation
15248,validation
914,validation
16777,validation
241,validation
20594,validation
21959,validation
15906,validation
5794,validation
4601,validation
11194,validation
24604,validation
2247,validation
9994,validation
9498,validation
17544,validation
12657,validation
10212,validation
11084,validation
1399,validation
19943,validation
7734,validation
12517,validation
12559,validation
1479,validation
24473,validation
9341,validation
22967,validation
15221,validation
3960,validation
11386,validation
8359,validation
17852,validation
10791,validation
6460,validation
25314,validation
24323,validation
8553,validation
15420,validation
5529,validation
24291,validation
15288,validation
8423,validation
7020,validation
20306,validation
6190,validation
15436,validation
22806,validation
5503,validation
27396,validation
25141,validation
21029,validation
1050,validation
12276,validation
28576,validation
7633,validation
27681,validation
1685,validation
14958,validation
11848,validation
4363,validation
29261,validation
6805,validation
14808,validation
7176,validation
12345,validation
10210,validation
20555,validation
21662,validation
22322,validation
21676,validation
1916,validation
5263,validation
19355,validation
6277,validation
28428,validation
17291,validation
18769,validation
15807,validation
9974,validation
4431,validation
22310,validation
9383,validation
7234,validation
954,validation
1996,validation
20490,validation
6021,validation
2332,validation
28849,validation
8760,validation
5693,validation
23592,validation
4081,validation
23181,validation
24185,validation
17703,validation
2514,validation
20716,validation
11611,validation
3382,validation
21613,validation
13328,validation
26812,validation
7206,validation
26607,validation
3787,validation
9769,validation
11582,validation
25406,validation
16186,validation
15651,validation
16745,validation
11600,validation
13213,validation
26247,validation
22605,validation
22617,validation
18232,validation
6439,validation
8230,validation
19802,validation
9232,validation
20122,validation
15817,validation
25019,validation
16207,validation
14220,validation
2447,validation
18491,validation
24489,validation
7191,validation
13645,validation
116,validation
22406,validation
19242,validation
8873,validation
16770,validation
12108,validation
1998,validation
13047,validation
877,validation
1204,validation
5643,validation
3917,validation
16077,validation
1490,validation
12436,validation
6447,validation
10283,validation
20999,validation
1199,validation
25257,validation
28551,validation
12052,validation
5328,validation
26863,validation
2426,validation
18569,validation
3182,validation
13100,validation
5089,validation
17279,validation
23,validation
10518,validation
16221,validation
3405,validation
26096,validation
1643,validation
21272,validation
19772,validation
22926,validation
15829,validation
9969,validation
1640,validation
1830,validation
13584,validation
161,validation
10552,validation
22674,validation
15297,validation
10967,validation
2034,validation
22633,validation
3920,validation
28232,validation
6780,validation
12764,validation
20296,validation
7343,validation
26620,validation
4636,validation
5251,validation
14545,validation
29138,validation
14680,validation
24774,validation
28579,validation
1625,validation
129,validation
7872,validation
20387,validation
9270,validation
17295,validation
15775,validation
4693,validation
14188,validation
5083,validation
25268,validation
7805,validation
28356,validation
5970,validation
4916,validation
12973,validation
1474,validation
7686,validation
11517,validation
9696,validation
19935,validation
6200,validation
11234,validation
17885,validation
27779,validation
1393,validation
20764,validation
473,validation
16223,validation
20104,validation
1,validation
26783,validation
10395,validation
3667,validation
4088,validation
16323,validation
25182,validation
3669,validation
14274,validation
22021,validation
27244,validation
24572,validation
23083,validation
13709,validation
10545,validation
28302,validation
23320,validation
9843,validation
15614,validation
3070,validation
3811,validation
7469,validation
10364,validation
20660,validation
20383,validation
7398,validation
20015,validation
1491,validation
27469,validation
2092,validation
16602,validation
14437,validation
9452,validation
13477,validation
17046,validation
4064,validation
4685,validation
25904,validation
7467,validation
12294,validation
3953,validation
11314,validation
16731,validation
20145,validation
24550,validation
2609,validation
7878,validation
4195,validation
15537,validation
18201,validation
19017,validation
15285,validation
2784,validation
2097,validation
22130,validation
5307,validation
17025,validation
10865,validation
8331,validation
13767,validation
3963,validation
21112,validation
18959,validation
22739,validation
19978,validation
8168,validation
12904,validation
13730,validation
13013,validation
3444,validation
24849,validation
14398,validation
9499,validation
24924,validation
13018,validation
23707,validation
23750,validation
29041,validation
27648,validation
26388,validation
21488,validation
150,validation
15604,validation
2211,validation
8531,validation
26579,validation
10728,validation
5356,validation
29250,validation
16308,validation
23101,validation
26873,validation
28461,validation
10169,validation
21570,validation
19862,validation
12166,validation
3831,validation
2464,validation
594,validation
27792,validation
6687,validation
16790,validation
19615,validation
618,validation
10650,validation
12838,validation
16074,validation
2191,validation
12802,validation
10287,validation
24948,validation
12083,validation
28160,validation
10494,validation
26297,validation
10306,validation
2036,validation
17387,validation
22064,validation
13680,validation
18105,validation
26455,validation
19279,validation
28340,validation
13337,validation
3463,validation
15940,validation
23677,validation
14679,validation
15654,validation
15729,validation
12233,validation
15216,validation
6616,validation
14907,validation
411,validation
22145,validation
29151,validation
17178,validation
29468,validation
4600,validation
11368,validation
17623,validation
15914,validation
16009,validation
20492,validation
15063,validation
10663,validation
27924,validation
15624,validation
8260,validation
5694,validation
15444,validation
11828,validation
12101,validation
5517,validation
21472,validation
15813,validation
21784,validation
10396,validation
406,validation
27922,validation
14762,validation
1149,validation
13246,validation
25760,validation
25246,validation
7518,validation
16711,validation
25540,validation
11227,validation
2898,validation
9133,validation
15280,validation
26974,validation
33,validation
7946,validation
6366,validation
27263,validation
25012,validation
20073,validation
2446,validation
8403,validation
27626,validation
11058,validation
18270,validation
356,validation
2070,validation
2610,validation
7506,validation
11903,validation
10977,validation
18882,validation
12216,validation
24636,validation
1265,validation
19479,validation
26941,validation
9354,validation
2094,validation
12341,validation
10695,validation
24998,validation
23788,validation
9302,validation
7829,validation
10477,validation
81,validation
5241,validation
11345,validation
21237,validation
12907,validation
27699,validation
21787,validation
20729,validation
5619,validation
83,validation
938,validation
2818,validation
25948,validation
27219,validation
8928,validation
24043,validation
27342,validation
8735,validation
8891,validation
5525,validation
26267,validation
26123,validation
15504,validation
21624,validation
21218,validation
22102,validation
11862,validation
7723,validation
13614,validation
28729,validation
1314,validation
26984,validation
14397,validation
26806,validation
2402,validation
25800,validation
6856,validation
18365,validation
9015,validation
8132,validation
15592,validation
6646,validation
20464,validation
26182,validation
8121,validation
2640,validation
22521,validation
25734,validation
10539,validation
5410,validation
8296,validation
26341,validation
15434,validation
29130,validation
3548,validation
10898,validation
26896,validation
13571,validation
19111,validation
22645,validation
25875,validation
18977,validation
16850,validation
17872,validation
14326,validation
791,validation
1246,validation
3357,validation
23767,validation
12243,validation
13025,validation
28204,validation
28706,validation
19567,validation
1761,validation
437,validation
54,validation
5020,validation
6536,validation
5309,validation
24264,validation
3431,validation
23087,validation
1229,validation
3539,validation
23905,validation
4818,validation
6001,validation
15716,validation
16336,validation
20130,validation
1389,validation
23601,validation
24278,validation
27585,validation
5934,validation
15963,validation
4551,validation
23103,validation
11027,validation
805,validation
14108,validation
27993,validation
18644,validation
18236,validation
3304,validation
4352,validation
2998,validation
22394,validation
16031,validation
6725,validation
6647,validation
29562,validation
4689,validation
12672,validation
16732,validation
29456,validation
29486,validation
24658,validation
5746,validation
3813,validation
7494,validation
28947,validation
29025,validation
20108,validation
24512,validation
21106,validation
15243,validation
16890,validation
20585,validation
2548,validation
22895,validation
979,validation
23988,validation
28585,validation
7096,validation
25532,validation
19247,validation
12665,validation
7661,validation
3049,validation
27904,validation
28527,validation
19900,validation
16347,validation
13581,validation
8885,validation
8639,validation
1700,validation
16901,validation
19537,validation
28255,validation
4476,validation
21887,validation
14496,validation
14902,validation
16576,validation
26996,validation
28573,validation
16024,validation
17631,validation
22719,validation
10896,validation
20786,validation
23769,validation
7147,validation
18703,validation
14447,validation
29612,validation
12896,validation
29613,validation
4250,validation
24008,validation
16816,validation
18180,validation
6787,validation
9044,validation
18917,validation
20501,validation
22612,validation
21336,validation
18407,validation
19391,validation
18135,validation
412,validation
3129,validation
15577,validation
22134,validation
19939,validation
12697,validation
6139,validation
17534,validation
17040,validation
25404,validation
28126,validation
19463,validation
10246,validation
26270,validation
23185,validation
5936,validation
27237,validation
23350,validation
24102,validation
12054,validation
7344,validation
7332,validation
10201,validation
26562,validation
7121,validation
7117,validation
7821,validation
4936,validation
9798,validation
24507,validation
26578,validation
27512,validation
8074,validation
14254,validation
13373,validation
12433,validation
11175,validation
20241,validation
1924,validation
28270,validation
3019,validation
25262,validation
17932,validation
22272,validation
19814,validation
961,validation
329,validation
8625,validation
23659,validation
9344,validation
6505,validation
17682,validation
7475,validation
4200,validation
23462,validation
14186,validation
15370,validation
20349,validation
9161,validation
6508,validation
22404,validation
27784,validation
10910,validation
881,validation
5515,validation
17966,validation
25417,validation
9290,validation
7135,validation
1142,validation
23376,validation
6930,validation
10919,validation
22129,validation
17177,validation
24366,validation
22624,validation
1692,validation
15311,validation
26932,validation
352,validation
20197,validation
10025,validation
13385,validation
2041,validation
23197,validation
23779,validation
26718,validation
10703,validation
15182,validation
15647,validation
24890,validation
5454,validation
822,validation
4859,validation
13790,validation
27867,validation
20952,validation
19190,validation
18125,validation
18211,validation
8245,validation
18776,validation
6836,validation
29572,validation
21571,validation
25799,validation
21802,validation
12374,validation
12706,validation
2400,validation
23070,validation
20738,validation
17586,validation
19281,validation
13855,validation
20648,validation
20808,validation
21602,validation
17398,validation
15144,validation
21700,validation
27724,validation
12615,validation
20146,validation
4439,validation
5500,validation
4034,validation
3274,validation
2175,validation
23881,validation
5580,validation
4223,validation
20881,validation
9563,validation
26541,validation
18448,validation
8047,validation
10399,validation
18470,validation
8615,validation
25393,validation
25699,validation
19089,validation
838,validation
1301,validation
7503,validation
21251,validation
24282,validation
10256,validation
7078,validation
9141,validation
14195,validation
29074,validation
21223,validation
24453,validation
15720,validation
18982,validation
3604,validation
24536,validation
8744,validation
24427,validation
14489,validation
7412,validation
10430,validation
4836,validation
17972,validation
23178,validation
9948,validation
15625,validation
13023,validation
28502,validation
15009,validation
21254,validation
25637,validation
20604,validation
16647,validation
26373,validation
29038,validation
28854,validation
25541,validation
9683,validation
13515,validation
21459,validation
20787,validation
28029,validation
27575,validation
14934,validation
5751,validation
1495,validation
4735,validation
28664,validation
20628,validation
4255,validation
2150,validation
11983,validation
22970,validation
18037,validation
4722,validation
24079,validation
7378,validation
27488,validation
11482,validation
20326,validation
3891,validation
26582,validation
7637,validation
22641,validation
373,validation
22171,validation
12513,validation
10166,validation
26380,validation
16322,validation
4954,validation
2224,validation
5548,validation
3701,validation
15748,validation
13939,validation
20117,validation
13575,validation
11168,validation
27429,validation
25984,validation
13383,validation
3160,validation
403,validation
15132,validation
21475,validation
156,validation
1676,validation
10945,validation
18065,validation
25144,validation
22524,validation
15038,validation
27555,validation
23055,validation
14194,validation
24041,validation
10534,validation
2617,validation
2879,validation
20081,validation
7887,validation
5053,validation
2221,validation
3008,validation
715,validation
10988,validation
1880,validation
29466,validation
8915,validation
21569,validation
3870,validation
11281,validation
26992,validation
13370,validation
18558,validation
19628,validation
13501,validation
28825,validation
12746,validation
22542,validation
21514,validation
5184,validation
8258,validation
4372,validation
5008,validation
27525,validation
5352,validation
24167,validation
4618,validation
12001,validation
19069,validation
24917,validation
228,validation
1498,validation
6499,validation
29381,validation
17211,validation
17075,validation
9448,validation
17895,validation
11182,validation
3164,validation
1505,validation
8131,validation
28153,validation
9517,validation
26156,validation
21715,validation
5292,validation
17919,validation
24122,validation
24544,validation
22116,validation
10759,validation
11353,validation
22564,validation
7241,validation
10460,validation
22082,validation
24215,validation
6821,validation
3767,validation
27587,validation
759,validation
17222,validation
22750,validation
14298,validation
22058,validation
5472,validation
6257,validation
9011,validation
21658,validation
8710,validation
22090,validation
12702,validation
16137,validation
773,validation
26321,validation
9606,validation
27855,validation
21347,validation
13826,validation
10310,validation
24674,validation
11944,validation
28443,validation
8758,validation
25957,validation
28427,validation
387,validation
4657,validation
26347,validation
25536,validation
22305,validation
9227,validation
25995,validation
11532,validation
14026,validation
12145,validation
12266,validation
17361,validation
15689,validation
24382,validation
20899,validation
22170,validation
7653,validation
24474,validation
19287,validation
10593,validation
25739,validation
8234,validation
1297,validation
28278,validation
7001,validation
16387,validation
14965,validation
8392,validation
3914,validation
22795,validation
8478,validation
16175,validation
18414,validation
18546,validation
16778,validation
652,validation
26665,validation
27732,validation
13691,validation
10689,validation
1542,validation
16925,validation
10533,validation
9251,validation
7275,validation
16357,validation
14507,validation
2887,validation
29026,validation
18297,validation
20088,validation
26685,validation
25397,validation
8883,validation
28567,validation
5833,validation
28218,validation
22813,validation
15650,validation
21754,validation
21265,validation
15161,validation
16835,validation
23552,validation
6443,validation
1728,validation
20553,validation
19307,validation
27917,validation
2207,validation
13380,validation
29326,validation
28490,validation
9967,validation
1220,validation
19674,validation
10761,validation
25295,validation
6920,validation
10230,validation
13484,validation
22049,validation
19436,validation
23869,validation
28844,validation
5166,validation
19222,validation
28640,validation
20414,validation
3886,validation
29163,validation
3616,validation
3222,validation
1385,validation
18662,validation
22711,validation
8857,validation
7312,validation
29591,validation
9610,validation
9238,validation
2574,validation
24511,validation
19468,validation
8814,validation
25281,validation
10758,validation
14307,validation
8783,validation
26209,validation
15473,validation
17506,validation
26870,validation
11155,validation
16419,validation
19799,validation
6977,validation
22742,validation
17485,validation
15170,validation
18751,validation
17474,validation
11906,validation
15384,validation
7422,validation
10639,validation
17763,validation
11132,validation
5306,validation
17638,validation
9210,validation
23716,validation
6426,validation
22250,validation
3043,validation
23928,validation
14558,validation
11617,validation
7574,validation
27625,validation
27320,validation
7589,validation
28460,validation
29145,validation
15519,validation
23563,validation
27544,validation
11272,validation
24503,validation
68,validation
20601,validation
15257,validation
25589,validation
28380,validation
17848,validation
26283,validation
21270,validation
16187,validation
29440,validation
16788,validation
7253,validation
28948,validation
3677,validation
14526,validation
21774,validation
28913,validation
21100,validation
13655,validation
20893,validation
21329,validation
29285,validation
1766,validation
23875,validation
11298,validation
11703,validation
15994,validation
22266,validation
736,validation
7646,validation
26605,validation
19745,validation
5495,validation
24665,validation
842,validation
18386,validation
8989,validation
29376,test
2807,test
17470,test
3624,test
7355,test
4191,test
13977,test
8507,test
21199,test
7793,test
10216,test
4762,test
583,test
19831,test
23468,test
22027,test
9384,test
27269,test
2703,test
14408,test
15678,test
9055,test
7122,test
1200,test
25707,test
5349,test
9674,test
13,test
25337,test
11447,test
20362,test
13392,test
6036,test
6587,test
3147,test
11444,test
28561,test
27183,test
24668,test
23228,test
4701,test
23048,test
18089,test
16926,test
21323,test
18705,test
10147,test
26654,test
20470,test
21353,test
25367,test
16577,test
3312,test
23460,test
29385,test
2080,test
8430,test
2541,test
1771,test
23561,test
17655,test
586,test
11980,test
1907,test
16254,test
17016,test
12551,test
14891,test
21266,test
4357,test
27573,test
11146,test
7250,test
3949,test
12297,test
28670,test
1128,test
17380,test
6461,test
14160,test
19737,test
15024,test
11251,test
15076,test
7460,test
6279,test
21981,test
22311,test
16203,test
14172,test
7,test
3631,test
15408,test
15305,test
7688,test
11425,test
17846,test
23344,test
6839,test
21468,test
16381,test
29200,test
4613,test
4126,test
10891,test
2958,test
9556,test
15790,test
4400,test
326,test
12510,test
1803,test
4365,test
8815,test
14425,test
12773,test
7445,test
673,test
12090,test
17329,test
7416,test
20376,test
6965,test
15409,test
10814,test
10630,test
17249,test
23599,test
7975,test
18072,test
19873,test
11893,test
17110,test
25053,test
1243,test
18087,test
8225,test
27242,test
11217,test
18111,test
18927,test
18611,test
22743,test
24277,test
22539,test
25947,test
13002,test
21988,test
28577,test
10060,test
10654,test
20426,test
9418,test
6356,test
15730,test
15596,test
19556,test
22840,test
25309,test
19048,test
8011,test
13753,test
5062,test
6951,test
18141,test
15553,test
29255,test
28726,test
1210,test
12045,test
10076,test
3298,test
26048,test
16404,test
22337,test
2525,test
22347,test
25577,test
7251,test
3450,test
20158,test
6504,test
29317,test
16649,test
1178,test
7478,test
1398,test
17970,test
29180,test
13461,test
23930,test
27403,test
16345,test
11030,test
21245,test
20504,test
13070,test
4335,test
14235,test
25552,test
15768,test
11937,test
18943,test
16936,test
28481,test
22374,test
7569,test
16691,test
23113,test
19057,test
14106,test
25239,test
14407,test
4559,test
2376,test
18871,test
26739,test
21584,test
2593,test
11321,test
16812,test
8413,test
2403,test
15871,test
28294,test
5404,test
23781,test
5142,test
23793,test
23436,test
2660,test
26968,test
13357,test
28981,test
13376,test
11800,test
1296,test
15217,test
26447,test
27925,test
22969,test
1712,test
4942,test
15188,test
324,test
28336,test
10571,test
14310,test
12429,test
16129,test
6596,test
20822,test
14465,test
14740,test
10102,test
26553,test
24914,test
12722,test
26713,test
29228,test
4630,test
27037,test
15095,test
8565,test
7276,test
25325,test
11230,test
15407,test
1991,test
29108,test
23219,test
23058,test
820,test
14336,test
18710,test
8142,test
16612,test
17747,test
14200,test
15148,test
23622,test
20644,test
27810,test
29578,test
2360,test
3290,test
25401,test
4238,test
25474,test
12643,test
16523,test
22034,test
25060,test
14229,test
16808,test
14464,test
16140,test
29426,test
21214,test
19870,test
19346,test
28557,test
6644,test
2367,test
22567,test
15377,test
25509,test
26410,test
24002,test
2731,test
29061,test
17789,test
18683,test
22696,test
17853,test
706,test
18633,test
18797,test
18689,test
4579,test
23760,test
1522,test
11541,test
2537,test
3089,test
4912,test
23856,test
15244,test
25556,test
23199,test
13016,test
14523,test
1426,test
13185,test
6062,test
689,test
4025,test
28282,test
23934,test
12123,test
25011,test
4750,test
7394,test
25801,test
27122,test
20123,test
1870,test
401,test
22800,test
12580,test
26828,test
3335,test
25848,test
16040,test
16443,test
8129,test
16795,test
16701,test
18924,test
14520,test
19477,test
20815,test
5953,test
5258,test
12323,test
9083,test
21518,test
29492,test
23499,test
6599,test
6952,test
29584,test
16128,test
13546,test
13674,test
1381,test
28180,test
13667,test
6100,test
4288,test
2875,test
10771,test
27688,test
11542,test
2953,test
8221,test
21181,test
15685,test
17042,test
10776,test
11642,test
23017,test
29304,test
19361,test
12390,test
16685,test
13069,test
5620,test
1815,test
29128,test
6337,test
18040,test
13889,test
14943,test
17155,test
22120,test
11142,test
25864,test
26352,test
14014,test
23251,test
16879,test
23472,test
18246,test
8350,test
16662,test
22821,test
1000,test
14163,test
17227,test
17282,test
7151,test
1154,test
4933,test
22139,test
8942,test
1825,test
29321,test
18868,test
6984,test
8893,test
69,test
16213,test
7545,test
28506,test
17858,test
20034,test
24255,test
19813,test
21367,test
15849,test
20228,test
23224,test
1898,test
15561,test
27956,test
21667,test
15327,test
6660,test
16556,test
7368,test
18520,test
21137,test
513,test
993,test
7040,test
25911,test
3620,test
13187,test
18827,test
13693,test
16644,test
12607,test
1419,test
3422,test
22469,test
1897,test
21313,test
658,test
16658,test
17776,test
9323,test
8757,test
2889,test
12005,test
11652,test
11317,test
7462,test
1587,test
855,test
493,test
13391,test
24105,test
19805,test
3972,test
29002,test
6781,test
14832,test
1783,test
16540,test
10015,test
2219,test
4292,test
28163,test
29040,test
11087,test
25183,test
12332,test
23673,test
7120,test
28209,test
12402,test
26644,test
26062,test
22880,test
23269,test
4526,test
11309,test
17179,test
5659,test
21914,test
24642,test
22713,test
18961,test
5626,test
9440,test
28682,test
15804,test
3530,test
28887,test
789,test
13991,test
7093,test
16837,test
12093,test
19910,test
12013,test
12603,test
10085,test
19105,test
14915,test
24287,test
14998,test
9921,test
5207,test
12270,test
15924,test
460,test
654,test
5575,test
19929,test
3343,test
5010,test
11262,test
22623,test
5641,test
8437,test
13868,test
7696,test
27067,test
14976,test
10229,test
28788,test
24600,test
23002,test
1320,test
2239,test
9374,test
6503,test
20143,test
13038,test
1502,test
6921,test
2940,test
12771,test
11484,test
1158,test
14342,test
5541,test
2391,test
13074,test
1695,test
19937,test
9716,test
3159,test
20363,test
24555,test
813,test
16738,test
4280,test
3133,test
12627,test
10355,test
18939,test
20516,test
22983,test
2811,test
14554,test
357,test
15338,test
1167,test
14533,test
11945,test
27908,test
13779,test
2560,test
26766,test
21558,test
7720,test
11222,test
12661,test
28247,test
6518,test
15623,test
11587,test
22396,test
20809,test
25823,test
22768,test
696,test
5834,test
1049,test
3584,test
14493,test
22124,test
22527,test
3466,test
21684,test
1655,test
15645,test
1212,test
3220,test
67,test
12249,test
13030,test
7013,test
22892,test
23629,test
3935,test
3111,test
23773,test
13540,test
7016,test
6915,test
29306,test
4941,test
23821,test
11984,test
8043,test
10521,test
9899,test
21973,test
19138,test
16684,test
12479,test
10492,test
1810,test
17650,test
8705,test
22240,test
25292,test
11927,test
10432,test
12724,test
18081,test
21668,test
25924,test
15903,test
14000,test
27164,test
11377,test
25586,test
25679,test
10293,test
28755,test
449,test
3625,test
1635,test
29639,test
869,test
8054,test
24504,test
20105,test
19849,test
6278,test
196,test
18137,test
17878,test
19350,test
24875,test
23401,test
4583,test
24451,test
27033,test
7308,test
9017,test
28812,test
28420,test
25486,test
26823,test
18381,test
14979,test
7919,test
24307,test
3670,test
3744,test
6472,test
11583,test
596,test
16696,test
24392,test
12018,test
12139,test
2411,test
27373,test
20394,test
20343,test
12482,test
1704,test
17533,test
16910,test
4781,test
1683,test
7770,test
13941,test
15722,test
6550,test
13536,test
4658,test
17383,test
10252,test
3601,test
11908,test
1500,test
26389,test
13593,test
4055,test
675,test
4512,test
21977,test
28347,test
25149,test
2107,test
26706,test
7264,test
702,test
23899,test
5999,test
3751,test
26207,test
21535,test
8657,test
10926,test
10372,test
15200,test
28194,test
15477,test
10186,test
26550,test
11947,test
5437,test
7694,test
4098,test
3472,test
12811,test
27521,test
6493,test
2805,test
21883,test
450,test
23291,test
14002,test
16463,test
19657,test
22017,test
3711,test
9790,test
16838,test
16050,test
18837,test
20256,test
6069,test
26403,test
28388,test
29,test
18524,test
20800,test
20951,test
22920,test
1836,test
22364,test
23711,test
10750,test
28374,test
9942,test
28935,test
10373,test
23913,test
19833,test
5502,test
16708,test
23282,test
23726,test
455,test
3724,test
10610,test
8075,test
16839,test
4329,test
3879,test
27915,test
9216,test
18791,test
16271,test
222,test
24298,test
9530,test
26126,test
4052,test
28991,test
17735,test
11139,test
19309,test
15734,test
22324,test
608,test
8028,test
2573,test
2894,test
5039,test
7944,test
28886,test
21576,test
4311,test
3006,test
14703,test
21907,test
8490,test
22957,test
18792,test
24825,test
18391,test
12862,test
5104,test
18676,test
369,test
15119,test
5871,test
9541,test
10733,test
12156,test
5477,test
16148,test
8247,test
991,test
6054,test
20607,test
21080,test
17652,test
28344,test
5605,test
6970,test
26468,test
28734,test
21467,test
14942,test
26257,test
20958,test
18715,test
9721,test
20427,test
3915,test
12593,test
852,test
20396,test
17488,test
3537,test
1145,test
28951,test
7259,test
5907,test
22751,test
21601,test
6387,test
6572,test
5096,test
28464,test
3128,test
7834,test
26488,test
23218,test
26097,test
6664,test
8889,test
11634,test
6558,test
8550,test
8503,test
2789,test
22479,test
8160,test
6541,test
5320,test
28379,test
11850,test
4758,test
26677,test
23507,test
242,test
11041,test
3325,test
10878,test
15632,test
29302,test
11206,test
17140,test
5308,test
1335,test
19723,test
9471,test
8376,test
1255,test
5364,test
11833,test
9192,test
19626,test
3833,test
26092,test
6188,test
18118,test
4719,test
21865,test
28797,test
17093,test
15677,test
936,test
11339,test
2265,test
3550,test
22289,test
13360,test
10450,test
20226,test
21013,test
11868,test
19789,test
24821,test
28547,test
26426,test
27776,test
14973,test
2533,test
2122,test
9834,test
10648,test
3172,test
22441,test
20561,test
7538,test
5585,test
1546,test
8378,test
7321,test
13706,test
7725,test
18494,test
27865,test
12076,test
6370,test
28276,test
26596,test
13890,test
18728,test
3245,test
9138,test
4026,test
24915,test
9917,test
10559,test
134,test
24848,test
25305,test
10226,test
6590,test
28293,test
14324,test
14742,test
18795,test
1059,test
13936,test
16367,test
22213,test
9114,test
12343,test
28026,test
26272,test
27786,test
6879,test
23609,test
15039,test
17463,test
18097,test
11421,test
13780,test
20525,test
18383,test
9405,test
13344,test
8105,test
13338,test
17168,test
4346,test
18498,test
24120,test
5679,test
9707,test
23295,test
12068,test
8753,test
9776,test
10301,test
18427,test
1627,test
10530,test
12258,test
25093,test
11186,test
12105,test
25926,test
3673,test
9965,test
26609,test
6803,test
24897,test
10296,test
3105,test
22148,test
5767,test
13609,test
21587,test
25649,test
5164,test
8035,test
18405,test
1819,test
8737,test
21382,test
7579,test
27476,test
14985,test
20506,test
14697,test
18128,test
26340,test
27266,test
19820,test
10243,test
10058,test
25851,test
4979,test
22827,test
26767,test
9320,test
1343,test
19509,test
26277,test
11456,test
9037,test
27808,test
14835,test
23494,test
13800,test
5140,test
436,test
21303,test
3452,test
5310,test
17248,test
385,test
8072,test
11256,test
7052,test
3657,test
10754,test
7487,test
5988,test
9809,test
12316,test
4020,test
11783,test
16261,test
20826,test
29535,test
20715,test
7267,test
353,test
29343,test
23371,test
16549,test
24969,test
25412,test
23889,test
12515,test
28370,test
8111,test
27895,test
21762,test
21618,test
16048,test
17170,test
16022,test
5666,test
10316,test
24031,test
11474,test
1888,test
27292,test
19225,test
18305,test
314,test
11714,test
3988,test
29206,test
18431,test
6565,test
7356,test
13343,test
4221,test
13110,test
12967,test
21025,test
17371,test
8796,test
2422,test
2215,test
350,test
7611,test
1425,test
18785,test
29267,test
4776,test
6702,test
17230,test
7230,test
28492,test
10092,test
16266,test
17951,test
20529,test
23833,test
19207,test
15760,test
19060,test
28918,test
29545,test
28007,test
7724,test
9492,test
16864,test
15755,test
25036,test
25441,test
23506,test
28697,test
18338,test
3427,test
23546,test
24194,test
18716,test
7649,test
9184,test
22733,test
19735,test
29105,test
13261,test
7269,test
20410,test
15322,test
372,test
27148,test
7381,test
3526,test
26849,test
6862,test
21611,test
29649,test
10077,test
20043,test
1976,test
4985,test
15985,test
6160,test
8411,test
14996,test
858,test
2600,test
17946,test
25339,test
24071,test
13430,test
5518,test
26995,test
23688,test
12085,test
20694,test
9854,test
12223,test
6065,test
11355,test
18531,test
18487,test
6075,test
25653,test
16600,test
18390,test
5046,test
17408,test
22304,test
11835,test
20560,test
4927,test
2135,test
15168,test
13318,test
18851,test
11218,test
2662,test
9309,test
27502,test
27329,test
6425,test
4297,test
29023,test
6762,test
17358,test
10946,test
409,test
12642,test
14779,test
16224,test
27714,test
18107,test
834,test
18336,test
21777,test
14856,test
29333,test
27815,test
1448,test
20671,test
20842,test
22084,test
6007,test
28580,test
12608,test
5762,test
20888,test
29538,test
12525,test
12497,test
22803,test
9740,test
9496,test
21956,test
19404,test
10097,test
27450,test
19086,test
10555,test
18538,test
4595,test
14733,test
9289,test
22876,test
19240,test
5816,test
10957,test
12524,test
22096,test
15171,test
7465,test
13900,test
10503,test
16631,test
19977,test
7882,test
11032,test
22280,test
26111,test
22214,test
29539,test
10330,test
14171,test
15125,test
21141,test
19362,test
9979,test
15759,test
9504,test
6991,test
1702,test
2167,test
25887,test
18765,test
